Transecto;Estaciones;Codigo;y;x;Profundidad;Temperatura;Conductividad;Sigma;Salinidad;Oxigeno_disuelto;Saturacion;Fluorescencia
10 millas;Nehuentué;MPAT1-10;-38.734974;-73.663954;1.5;15.4949;4.205755;24.9276;33.7865;6.9971;123.209;0.5133
10 millas;Nehuentué;MPAT1-10;-38.734974;-73.663954;1.75;15.495;4.205759;24.9275;33.7862;7.0033;123.316;0.5138
10 millas;Nehuentué;MPAT1-10;-38.734974;-73.663954;2;15.4963;4.205911;24.9286;33.7878;6.977;122.856;0.5145
10 millas;Nehuentué;MPAT1-10;-38.734974;-73.663954;2.25;15.4971;4.206009;24.9276;33.787;6.9781;122.879;0.4845
10 millas;Nehuentué;MPAT1-10;-38.734974;-73.663954;2.5;15.4976;4.206068;24.9272;33.7866;6.9837;122.978;0.489
10 millas;Nehuentué;MPAT1-10;-38.734974;-73.663954;2.75;15.4981;4.206139;24.9271;33.7868;6.9419;122.245;0.5219
10 millas;Nehuentué;MPAT1-10;-38.734974;-73.663954;3;15.4966;4.205969;24.9261;33.7853;6.9739;122.806;0.5309
10 millas;Nehuentué;MPAT1-10;-38.734974;-73.663954;3.25;15.4952;4.205848;24.9275;33.7864;6.9881;123.051;0.5589
10 millas;Nehuentué;MPAT1-10;-38.734974;-73.663954;3.5;15.4945;4.205779;24.9271;33.7858;6.9784;122.877;0.5437
10 millas;Nehuentué;MPAT1-10;-38.734974;-73.663954;3.75;15.4936;4.2057;24.9271;33.7857;6.9869;123.027;0.5522
10 millas;Nehuentué;MPAT1-10;-38.734974;-73.663954;4;15.4923;4.205584;24.9274;33.7856;6.9833;122.959;0.5785
10 millas;Nehuentué;MPAT1-10;-38.734974;-73.663954;4.25;15.4916;4.205548;24.9286;33.7868;6.9786;122.874;0.6177
10 millas;Nehuentué;MPAT1-10;-38.734974;-73.663954;4.5;15.4915;4.20555;24.9281;33.7863;7.0042;123.325;0.6311
10 millas;Nehuentué;MPAT1-10;-38.734974;-73.663954;4.75;15.4907;4.205478;24.9279;33.7857;7.0157;123.526;0.6381
10 millas;Nehuentué;MPAT1-10;-38.734974;-73.663954;5;15.4903;4.205468;24.9287;33.7866;7.0167;123.542;0.6415
10 millas;Nehuentué;MPAT1-10;-38.734974;-73.663954;5.25;15.4896;4.205445;24.9288;33.7866;7.0075;123.379;0.6319
10 millas;Nehuentué;MPAT1-10;-38.734974;-73.663954;5.5;15.4873;4.20531;24.9286;33.7865;6.9893;123.059;0.6193
10 millas;Nehuentué;MPAT1-10;-38.734974;-73.663954;5.75;15.4755;4.204527;24.929;33.7864;6.9935;123.128;0.6157
10 millas;Nehuentué;MPAT1-10;-38.734974;-73.663954;6;15.4348;4.201458;24.9281;33.783;7.0218;123.606;0.6251
10 millas;Nehuentué;MPAT1-10;-38.734974;-73.663954;6.25;15.3633;4.195115;24.9087;33.7487;7.0406;123.833;0.6123
10 millas;Nehuentué;MPAT1-10;-38.734974;-73.663954;6.5;15.2689;4.186465;24.9186;33.741;7.0408;123.655;0.6034
10 millas;Nehuentué;MPAT1-10;-38.734974;-73.663954;6.75;15.1498;4.175463;24.9211;33.7196;7.0576;123.722;0.6336
10 millas;Nehuentué;MPAT1-10;-38.734974;-73.663954;7;15.007;4.161909;24.9202;33.6839;7.122;124.525;0.6219
10 millas;Nehuentué;MPAT1-10;-38.734974;-73.663954;7.25;14.8541;4.147706;24.982;33.714;7.2132;125.698;0.6409
10 millas;Nehuentué;MPAT1-10;-38.734974;-73.663954;7.5;14.6871;4.132491;25.0206;33.7235;7.3017;126.882;0.6653
10 millas;Nehuentué;MPAT1-10;-38.734974;-73.663954;7.75;14.4937;4.113993;25.0275;33.6837;7.3932;127.995;0.6545
10 millas;Nehuentué;MPAT1-10;-38.734974;-73.663954;8;14.293;4.094252;25.0935;33.7002;7.49;129.032;0.6743
10 millas;Nehuentué;MPAT1-10;-38.734974;-73.663954;8.25;14.1267;4.078265;25.1983;33.7733;7.569;129.852;0.6732
10 millas;Nehuentué;MPAT1-10;-38.734974;-73.663954;8.5;13.9587;4.062979;25.2317;33.787;7.6219;130.483;0.6848
10 millas;Nehuentué;MPAT1-10;-38.734974;-73.663954;8.75;13.7304;4.040447;25.2099;33.7201;7.6599;130.699;0.6713
10 millas;Nehuentué;MPAT1-10;-38.734974;-73.663954;9;13.4771;4.014252;25.1399;33.5777;7.6757;130.338;0.669
10 millas;Nehuentué;MPAT1-10;-38.734974;-73.663954;9.25;13.2637;3.991813;25.2104;33.5852;7.6705;129.414;0.6693
10 millas;Nehuentué;MPAT1-10;-38.734974;-73.663954;9.5;13.1073;3.977138;25.3664;33.7252;7.6032;127.767;0.659
10 millas;Nehuentué;MPAT1-10;-38.734974;-73.663954;9.75;12.9935;3.966445;25.3925;33.7254;7.5474;126.493;0.7008
10 millas;Nehuentué;MPAT1-10;-38.734974;-73.663954;10;12.9091;3.958826;25.444;33.7631;7.5235;125.831;0.6429
10 millas;Nehuentué;MPAT1-10;-38.734974;-73.663954;10.25;12.8505;3.95381;25.4818;33.7917;7.4518;124.449;0.6286
10 millas;Nehuentué;MPAT1-10;-38.734974;-73.663954;10.5;12.8106;3.950659;25.5025;33.8088;7.2527;121.043;0.6339
10 millas;Nehuentué;MPAT1-10;-38.734974;-73.663954;10.75;12.772;3.947343;25.499;33.7972;7.0462;117.52;0.6339
10 millas;Nehuentué;MPAT1-10;-38.734974;-73.663954;11;12.7328;3.943861;25.5064;33.7969;6.9122;115.193;0.6277
10 millas;Nehuentué;MPAT1-10;-38.734974;-73.663954;11.25;12.6928;3.940276;25.5118;33.7931;6.8661;114.322;0.6475
10 millas;Nehuentué;MPAT1-10;-38.734974;-73.663954;11.5;12.6568;3.937168;25.5267;33.7993;6.9098;114.93;0.6372
10 millas;Nehuentué;MPAT1-10;-38.734974;-73.663954;11.75;12.6349;3.935953;25.5561;33.8278;6.9678;115.825;0.642
10 millas;Nehuentué;MPAT1-10;-38.734974;-73.663954;12;12.6229;3.935602;25.5632;33.8345;6.9771;115.962;0.6394
10 millas;Nehuentué;MPAT1-10;-38.734974;-73.663954;12.25;12.6105;3.934947;25.5616;33.8313;7.0599;117.325;0.6641
10 millas;Nehuentué;MPAT1-10;-38.734974;-73.663954;12.5;12.5935;3.933768;25.5648;33.8335;7.1914;119.492;0.7096
10 millas;Nehuentué;MPAT1-10;-38.734974;-73.663954;12.75;12.568;3.931556;25.5594;33.8243;7.3142;121.505;0.7051
10 millas;Nehuentué;MPAT1-10;-38.734974;-73.663954;13;12.5346;3.928271;25.5459;33.8015;7.4322;123.393;0.6986
10 millas;Nehuentué;MPAT1-10;-38.734974;-73.663954;13.25;12.498;3.924605;25.5383;33.7831;7.5569;125.359;0.7112
10 millas;Nehuentué;MPAT1-10;-38.734974;-73.663954;13.5;12.4604;3.920927;25.5521;33.7881;7.6811;127.287;0.6981
10 millas;Nehuentué;MPAT1-10;-38.734974;-73.663954;13.75;12.4265;3.917907;25.5748;33.8045;7.7287;127.952;0.7566
10 millas;Nehuentué;MPAT1-10;-38.734974;-73.663954;14;12.4001;3.915886;25.5993;33.8255;7.5248;124.482;0.7955
10 millas;Nehuentué;MPAT1-10;-38.734974;-73.663954;14.25;12.3873;3.9154;25.6185;33.845;6.885;113.862;0.762
10 millas;Nehuentué;MPAT1-10;-38.734974;-73.663954;14.5;12.3805;3.915618;25.6141;33.8398;6.3512;105.036;0.7867
10 millas;Nehuentué;MPAT1-10;-38.734974;-73.663954;14.75;12.3704;3.915708;25.6261;33.8539;6.2345;103.103;0.7646
10 millas;Nehuentué;MPAT1-10;-38.734974;-73.663954;15;12.3567;3.914986;25.6254;33.8507;6.2148;102.755;0.7764
10 millas;Nehuentué;MPAT1-10;-38.734974;-73.663954;15.25;12.3401;3.913779;25.6265;33.8485;6.2143;102.713;0.7503
10 millas;Nehuentué;MPAT1-10;-38.734974;-73.663954;15.5;12.3235;3.912539;25.6266;33.8435;6.1812;102.121;0.7248
10 millas;Nehuentué;MPAT1-10;-38.734974;-73.663954;15.75;12.3127;3.9124;25.6473;33.8649;6.1012;100.767;0.7173
10 millas;Nehuentué;MPAT1-10;-38.734974;-73.663954;16;12.3022;3.912774;25.6609;33.8814;6.0273;99.548;0.7052
10 millas;Nehuentué;MPAT1-10;-38.734974;-73.663954;16.25;12.2869;3.912539;25.6611;33.8793;6.0036;99.135;0.6668
10 millas;Nehuentué;MPAT1-10;-38.734974;-73.663954;16.5;12.2669;3.912494;25.6828;33.9031;6.011;99.237;0.6625
10 millas;Nehuentué;MPAT1-10;-38.734974;-73.663954;16.75;12.2343;3.911269;25.7014;33.9245;6.0049;99.127;0.6491
10 millas;Nehuentué;MPAT1-10;-38.734974;-73.663954;17;12.1822;3.907055;25.6764;33.8873;5.9717;98.516;0.6344
10 millas;Nehuentué;MPAT1-10;-38.734974;-73.663954;17.25;12.1109;3.900728;25.6871;33.8881;5.9051;97.311;0.6093
10 millas;Nehuentué;MPAT1-10;-38.734974;-73.663954;17.5;12.017;3.891909;25.674;33.8556;5.7955;95.359;0.6031
10 millas;Nehuentué;MPAT1-10;-38.734974;-73.663954;17.75;11.9059;3.881007;25.6595;33.8119;5.6581;92.872;0.5847
10 millas;Nehuentué;MPAT1-10;-38.734974;-73.663954;18;11.7994;3.87086;25.6951;33.8214;5.5053;90.085;0.5664
10 millas;Nehuentué;MPAT1-10;-38.734974;-73.663954;18.25;11.725;3.865036;25.7861;33.9053;5.3394;87.165;0.5646
10 millas;Nehuentué;MPAT1-10;-38.734974;-73.663954;18.5;11.6856;3.863132;25.845;33.9656;5.1126;83.381;0.5639
10 millas;Nehuentué;MPAT1-10;-38.734974;-73.663954;18.75;11.6734;3.863234;25.8611;33.9832;4.8896;79.73;0.5731
10 millas;Nehuentué;MPAT1-10;-38.734974;-73.663954;19;11.6731;3.863731;25.8614;33.9837;4.828;78.727;0.5631
10 millas;Nehuentué;MPAT1-10;-38.734974;-73.663954;19.25;11.6743;3.864337;25.8637;33.9871;4.8713;79.438;0.5871
10 millas;Nehuentué;MPAT1-10;-38.734974;-73.663954;19.5;11.6741;3.864824;25.8666;33.9914;4.9166;80.182;0.5688
10 millas;Nehuentué;MPAT1-10;-38.734974;-73.663954;19.75;11.6697;3.864922;25.868;33.9935;4.946;80.666;0.5802
10 millas;Nehuentué;MPAT1-10;-38.734974;-73.663954;20;11.6552;3.864163;25.8738;34.0018;4.9591;80.889;0.5472
10 millas;Nehuentué;MPAT1-10;-38.734974;-73.663954;20.25;11.6272;3.861725;25.8482;33.968;4.9668;80.992;0.5677
10 millas;Nehuentué;MPAT1-10;-38.734974;-73.663954;20.5;11.5914;3.858381;25.8392;33.9496;4.9703;80.992;0.5757
10 millas;Nehuentué;MPAT1-10;-38.734974;-73.663954;20.75;11.55;3.854561;25.849;33.9503;4.9673;80.855;0.5933
10 millas;Nehuentué;MPAT1-10;-38.734974;-73.663954;21;11.5103;3.850914;25.8727;33.9663;4.9509;80.494;0.5917
10 millas;Nehuentué;MPAT1-10;-38.734974;-73.663954;21.25;11.4799;3.848271;25.8998;33.9899;4.8976;79.56;0.5706
10 millas;Nehuentué;MPAT1-10;-38.734974;-73.663954;21.5;11.4597;3.846612;25.9088;33.9962;4.8064;78.044;0.5506
10 millas;Nehuentué;MPAT1-10;-38.734974;-73.663954;21.75;11.4456;3.845562;25.9142;34;4.7451;77.028;0.5319
10 millas;Nehuentué;MPAT1-10;-38.734974;-73.663954;22;11.4303;3.844451;25.9239;34.0107;4.7231;76.665;0.5402
10 millas;Nehuentué;MPAT1-10;-38.734974;-73.663954;22.25;11.4066;3.842075;25.9079;33.9887;4.7258;76.688;0.5395
10 millas;Nehuentué;MPAT1-10;-38.734974;-73.663954;22.5;11.3751;3.838572;25.8945;33.9657;4.7255;76.633;0.5538
10 millas;Nehuentué;MPAT1-10;-38.734974;-73.663954;22.75;11.3412;3.834883;25.8981;33.9606;4.7124;76.35;0.5351
10 millas;Nehuentué;MPAT1-10;-38.734974;-73.663954;23;11.3061;3.831308;25.9112;33.9683;4.7015;76.115;0.5509
10 millas;Nehuentué;MPAT1-10;-38.734974;-73.663954;23.25;11.2674;3.827422;25.9193;33.9699;4.6854;75.794;0.5417
10 millas;Nehuentué;MPAT1-10;-38.734974;-73.663954;23.5;11.2182;3.82247;25.9137;33.9558;4.6762;75.591;0.5194
10 millas;Nehuentué;MPAT1-10;-38.734974;-73.663954;23.75;11.1575;3.816075;25.9033;33.9322;4.657;75.199;0.5167
10 millas;Nehuentué;MPAT1-10;-38.734974;-73.663954;24;11.0923;3.809208;25.8978;33.9116;4.6399;74.823;0.5026
10 millas;Nehuentué;MPAT1-10;-38.734974;-73.663954;24.25;11.03;3.802581;25.8945;33.8927;4.6285;74.529;0.4998
10 millas;Nehuentué;MPAT1-10;-38.734974;-73.663954;24.5;10.9783;3.797111;25.9059;33.8914;4.6178;74.245;0.4999
10 millas;Nehuentué;MPAT1-10;-38.734974;-73.663954;24.75;10.9365;3.792862;25.9275;33.9043;4.6062;73.965;0.5008
10 millas;Nehuentué;MPAT1-10;-38.734974;-73.663954;25;10.9079;3.790217;25.9571;33.9311;4.5852;73.563;0.4836
10 millas;Nehuentué;MPAT1-10;-38.734974;-73.663954;25.25;10.89;3.788807;25.9757;33.9487;4.5641;73.188;0.4806
10 millas;Nehuentué;MPAT1-10;-38.734974;-73.663954;25.5;10.8783;3.788062;25.9868;33.9596;4.5402;72.79;0.4595
10 millas;Nehuentué;MPAT1-10;-38.734974;-73.663954;25.75;10.8715;3.787712;25.9904;33.9625;4.5281;72.584;0.4561
10 millas;Nehuentué;MPAT1-10;-38.734974;-73.663954;26;10.8692;3.787811;25.9962;33.9689;4.4932;72.02;0.3985
10 millas;Nehuentué;MPAT1-10;-38.734974;-73.663954;26.25;10.8646;3.787753;25.9903;33.9619;4.4535;71.384;0.3842
10 millas;Nehuentué;MPAT1-10;-38.734974;-73.663954;26.5;10.856;3.787484;25.9994;33.9721;4.4599;71.482;0.3984
10 millas;Nehuentué;MPAT1-10;-38.734974;-73.663954;26.75;10.8388;3.786094;25.9966;33.9684;4.4556;71.41;0.3729
10 millas;Nehuentué;MPAT1-10;-38.734974;-73.663954;27;10.8095;3.783003;25.9765;33.9398;4.4477;71.252;0.3769
10 millas;Nehuentué;MPAT1-10;-38.734974;-73.663954;27.25;10.7772;3.779354;25.9733;33.9251;4.4248;70.808;0.3899
10 millas;Nehuentué;MPAT1-10;-38.734974;-73.663954;27.5;10.753;3.777021;25.9969;33.9477;4.3921;70.245;0.3904
10 millas;Nehuentué;MPAT1-10;-38.734974;-73.663954;27.75;10.7333;3.775043;25.9925;33.9381;4.3618;69.73;0.3937
10 millas;Nehuentué;MPAT1-10;-38.734974;-73.663954;28;10.7188;3.77359;25.996;33.9383;4.3598;69.668;0.3891
10 millas;Nehuentué;MPAT1-10;-38.734974;-73.663954;28.25;10.7069;3.77254;26.006;33.9474;4.3716;69.838;0.3942
10 millas;Nehuentué;MPAT1-10;-38.734974;-73.663954;28.5;10.6966;3.771702;26.0094;33.9493;4.4047;70.351;0.39
10 millas;Nehuentué;MPAT1-10;-38.734974;-73.663954;28.75;10.687;3.770911;26.0127;33.9513;4.4401;70.902;0.3764
10 millas;Nehuentué;MPAT1-10;-38.734974;-73.663954;29;10.6773;3.770117;26.014;33.951;4.475;71.445;0.3722
10 millas;Nehuentué;MPAT1-10;-38.734974;-73.663954;29.25;10.6678;3.769342;26.0176;33.9533;4.4973;71.787;0.403
10 millas;Nehuentué;MPAT1-10;-38.734974;-73.663954;29.5;10.6578;3.768555;26.0193;33.9536;4.5018;71.845;0.4191
10 millas;Nehuentué;MPAT1-10;-38.734974;-73.663954;29.75;10.6471;3.767725;26.0189;33.9514;4.4951;71.727;0.3968
10 millas;Nehuentué;MPAT1-10;-38.734974;-73.663954;30;10.636;3.76689;26.0202;33.9508;4.479;71.453;0.412
10 millas;Nehuentué;MPAT1-10;-38.734974;-73.663954;30.25;10.6256;3.76612;26.0234;33.952;4.4575;71.091;0.3873
10 millas;Nehuentué;MPAT1-10;-38.734974;-73.663954;30.5;10.6172;3.765544;26.0309;33.9585;4.4289;70.616;0.3967
10 millas;Nehuentué;MPAT1-10;-38.734974;-73.663954;30.75;10.6106;3.765158;26.0388;33.9663;4.3932;70.036;0.3828
10 millas;Nehuentué;MPAT1-10;-38.734974;-73.663954;31;10.6045;3.764798;26.0424;33.9696;4.3456;69.268;0.3946
10 millas;Nehuentué;MPAT1-10;-38.734974;-73.663954;31.25;10.5993;3.764465;26.0445;33.9704;4.3032;68.582;0.3887
10 millas;Nehuentué;MPAT1-10;-38.734974;-73.663954;31.5;10.5964;3.764348;26.0475;33.9733;4.2797;68.202;0.3907
10 millas;Nehuentué;MPAT1-10;-38.734974;-73.663954;31.75;10.5959;3.76447;26.0533;33.9804;4.2813;68.229;0.3856
10 millas;Nehuentué;MPAT1-10;-38.734974;-73.663954;32;10.5903;3.763984;26.0414;33.9659;4.3029;68.571;0.3548
10 millas;Nehuentué;MPAT1-10;-38.734974;-73.663954;32.25;10.5843;3.76348;26.0475;33.9712;4.3209;68.844;0.354
10 millas;Nehuentué;MPAT1-10;-38.734974;-73.663954;32.5;10.5802;3.763209;26.0499;33.9732;4.321;68.84;0.3696
10 millas;Nehuentué;MPAT1-10;-38.734974;-73.663954;32.75;10.5766;3.762964;26.0506;33.9735;4.3099;68.659;0.3643
10 millas;Nehuentué;MPAT1-10;-38.734974;-73.663954;33;10.5733;3.76273;26.051;33.9733;4.301;68.513;0.3281
10 millas;Nehuentué;MPAT1-10;-38.734974;-73.663954;33.25;10.57;3.762507;26.052;33.9739;4.2967;68.44;0.3411
10 millas;Nehuentué;MPAT1-10;-38.734974;-73.663954;33.5;10.5661;3.762259;26.052;33.9734;4.2916;68.356;0.3534
10 millas;Nehuentué;MPAT1-10;-38.734974;-73.663954;33.75;10.5616;3.76197;26.0526;33.9736;4.287;68.278;0.322
10 millas;Nehuentué;MPAT1-10;-38.734974;-73.663954;34;10.5559;3.761614;26.0524;33.9727;4.2766;68.107;0.3723
10 millas;Nehuentué;MPAT1-10;-38.734974;-73.663954;34.25;10.5497;3.761224;26.052;33.9712;4.2683;67.968;0.3267
10 millas;Nehuentué;MPAT1-10;-38.734974;-73.663954;34.5;10.5427;3.760809;26.0563;33.9754;4.2635;67.886;0.3254
10 millas;Nehuentué;MPAT1-10;-38.734974;-73.663954;34.75;10.5344;3.760309;26.0604;33.9794;4.2599;67.82;0.3556
10 millas;Nehuentué;MPAT1-10;-38.734974;-73.663954;35;10.522;3.759452;26.0617;33.98;4.2503;67.662;0.3432
10 millas;Nehuentué;MPAT1-10;-38.734974;-73.663954;35.25;10.5063;3.758198;26.0542;33.9689;4.2423;67.52;0.3349
10 millas;Nehuentué;MPAT1-10;-38.734974;-73.663954;35.5;10.4878;3.756629;26.0469;33.9565;4.2263;67.239;0.319
10 millas;Nehuentué;MPAT1-10;-38.734974;-73.663954;35.75;10.4695;3.755219;26.0519;33.9565;4.1893;66.611;0.3129
10 millas;Nehuentué;MPAT1-10;-38.734974;-73.663954;36;10.4549;3.754379;26.082;33.9878;4.1365;65.737;0.3581
10 millas;Nehuentué;MPAT1-10;-38.734974;-73.663954;36.25;10.446;3.754035;26.0965;34.0029;4.0785;64.801;0.3034
10 millas;Nehuentué;MPAT1-10;-38.734974;-73.663954;36.5;10.4409;3.753881;26.1018;34.0083;4.0136;63.764;0.3109
10 millas;Nehuentué;MPAT1-10;-38.734974;-73.663954;36.75;10.437;3.753764;26.1048;34.0113;3.9565;62.852;0.3266
10 millas;Nehuentué;MPAT1-10;-38.734974;-73.663954;37;10.434;3.75364;26.1059;34.0123;3.9091;62.097;0.3124
10 millas;Nehuentué;MPAT1-10;-38.734974;-73.663954;37.25;10.431;3.753477;26.1055;34.0115;3.8652;61.396;0.2818
10 millas;Nehuentué;MPAT1-10;-38.734974;-73.663954;37.5;10.4275;3.753257;26.1076;34.0135;3.8365;60.937;0.2812
10 millas;Nehuentué;MPAT1-10;-38.734974;-73.663954;37.75;10.4222;3.752841;26.1078;34.0133;3.8174;60.632;0.2868
10 millas;Nehuentué;MPAT1-10;-38.734974;-73.663954;38;10.4144;3.75214;26.1045;34.0085;3.8036;60.408;0.3014
10 millas;Nehuentué;MPAT1-10;-38.734974;-73.663954;38.25;10.4035;3.751064;26.1003;34.0015;3.8036;60.396;0.2877
10 millas;Nehuentué;MPAT1-10;-38.734974;-73.663954;38.5;10.3912;3.749874;26.0994;33.9975;3.8054;60.406;0.3027
10 millas;Nehuentué;MPAT1-10;-38.734974;-73.663954;38.75;10.3804;3.748916;26.1032;33.9991;3.8005;60.311;0.298
10 millas;Nehuentué;MPAT1-10;-38.734974;-73.663954;39;10.3727;3.748323;26.1015;33.994;3.8072;60.398;0.2892
10 millas;Nehuentué;MPAT1-10;-38.734974;-73.663954;39.25;10.371;3.748712;26.1253;34.021;3.8091;60.417;0.2664
10 millas;Nehuentué;MPAT1-10;-38.734974;-73.663954;39.5;10.3731;3.749603;26.1395;34.0398;3.8128;60.486;0.3019
10 millas;Nehuentué;MPAT1-10;-38.734974;-73.663954;39.75;10.3756;3.750153;26.1335;34.0336;3.8124;60.486;0.3026
10 millas;Nehuentué;MPAT1-10;-38.734974;-73.663954;40;10.3792;3.750687;26.1314;34.0313;3.7781;59.944;0.2863
10 millas;Nehuentué;MPAT1-10;-38.734974;-73.663954;40.25;10.3879;3.751805;26.1314;34.0315;3.7134;58.919;0.3144
10 millas;Nehuentué;MPAT1-10;-38.734974;-73.663954;40.5;10.4095;3.75471;26.1361;34.0374;3.6318;57.626;0.2823
10 millas;Nehuentué;MPAT1-10;-38.734974;-73.663954;40.75;10.4426;3.759873;26.1996;34.123;3.5654;56.626;0.3288
10 millas;Nehuentué;MPAT1-10;-38.734974;-73.663954;41;10.4741;3.764483;26.187;34.1174;3.5352;56.201;0.3568
10 millas;Nehuentué;MPAT1-10;-38.734974;-73.663954;41.25;10.4992;3.768075;26.1825;34.1194;3.5236;56.059;0.3403
10 millas;Nehuentué;MPAT1-10;-38.734974;-73.663954;41.5;10.518;3.770883;26.1855;34.1295;3.5084;55.854;0.3659
10 millas;Nehuentué;MPAT1-10;-38.734974;-73.663954;41.75;10.5273;3.772367;26.1765;34.123;3.4709;55.283;0.3832
10 millas;Nehuentué;MPAT1-10;-38.734974;-73.663954;42;10.5303;3.772861;26.1634;34.1087;3.4134;54.373;0.3471
10 millas;Nehuentué;MPAT1-10;-38.734974;-73.663954;42.25;10.5288;3.772747;26.1592;34.1033;3.3303;53.048;0.381
10 millas;Nehuentué;MPAT1-10;-38.734974;-73.663954;42.5;10.5256;3.772433;26.1607;34.1046;3.2433;51.659;0.3471
10 millas;Nehuentué;MPAT1-10;-38.734974;-73.663954;42.75;10.5213;3.771996;26.1495;34.0897;3.1523;50.203;0.3684
10 millas;Nehuentué;MPAT1-10;-38.734974;-73.663954;43;10.5173;3.771693;26.1565;34.0969;3.0795;49.037;0.3536
10 millas;Nehuentué;MPAT1-10;-38.734974;-73.663954;43.25;10.5137;3.771551;26.1647;34.1058;3.0191;48.073;0.3713
10 millas;Nehuentué;MPAT1-10;-38.734974;-73.663954;43.5;10.5101;3.771452;26.1687;34.1103;2.9799;47.447;0.3562
10 millas;Nehuentué;MPAT1-10;-38.734974;-73.663954;43.75;10.5064;3.771285;26.1679;34.1089;2.9669;47.237;0.3527
10 millas;Nehuentué;MPAT1-10;-38.734974;-73.663954;44;10.5026;3.771102;26.169;34.1095;2.9665;47.226;0.3451
10 millas;Nehuentué;MPAT1-10;-38.734974;-73.663954;44.25;10.4985;3.770926;26.1731;34.1138;2.979;47.423;0.5435
10 millas;Nehuentué;MPAT1-10;-38.734974;-73.663954;44.5;10.4937;3.770659;26.1748;34.1154;2.9821;47.47;0.3814
10 millas;Nehuentué;MPAT1-10;-38.734974;-73.663954;44.75;10.4878;3.770257;26.1754;34.1154;2.9843;47.501;0.3748
10 millas;Nehuentué;MPAT1-10;-38.734974;-73.663954;45;10.481;3.76971;26.174;34.1126;2.9799;47.426;0.3723
10 millas;Nehuentué;MPAT1-10;-38.734974;-73.663954;45.25;10.4732;3.769014;26.173;34.1096;2.968;47.227;0.4078
10 millas;Nehuentué;MPAT1-10;-38.734974;-73.663954;45.5;10.4653;3.768308;26.1761;34.1113;2.9513;46.951;0.3559
10 millas;Nehuentué;MPAT1-10;-38.734974;-73.663954;45.75;10.4574;3.76763;26.1787;34.1123;2.937;46.714;0.4232
10 millas;Nehuentué;MPAT1-10;-38.734974;-73.663954;46;10.4512;3.767118;26.1846;34.1172;2.9337;46.651;0.3515
10 millas;Nehuentué;MPAT1-10;-38.734974;-73.663954;46.25;10.449;3.767092;26.1951;34.1292;2.942;46.781;0.3658
10 millas;Nehuentué;MPAT1-10;-38.734974;-73.663954;46.5;10.4441;3.766734;26.1876;34.1203;2.9529;46.954;0.3888
10 millas;Nehuentué;MPAT1-10;-38.734974;-73.663954;46.75;10.4368;3.766121;26.1936;34.1259;2.9536;46.958;0.3738
10 millas;Nehuentué;MPAT1-10;-38.734974;-73.663954;47;10.4283;3.765467;26.1922;34.1238;2.9518;46.927;0.37
10 millas;Nehuentué;MPAT1-10;-38.734974;-73.663954;47.25;10.4183;3.764587;26.1857;34.1144;2.9563;46.991;0.3778
10 millas;Nehuentué;MPAT1-10;-38.734974;-73.663954;47.5;10.4076;3.763655;26.1885;34.1158;2.9586;47.019;0.3693
10 millas;Nehuentué;MPAT1-10;-38.734974;-73.663954;47.75;10.3971;3.762752;26.1881;34.1131;2.9649;47.107;0.4195
10 millas;Nehuentué;MPAT1-10;-38.734974;-73.663954;48;10.3869;3.761922;26.1933;34.1172;2.9637;47.079;0.3332
10 millas;Nehuentué;MPAT1-10;-38.734974;-73.663954;48.25;10.3764;3.761122;26.1977;34.121;2.9631;47.059;0.3487
10 millas;Nehuentué;MPAT1-10;-38.734974;-73.663954;48.5;10.3646;3.760223;26.1985;34.1203;2.9615;47.027;0.3445
10 millas;Nehuentué;MPAT1-10;-38.734974;-73.663954;48.75;10.351;3.759189;26.1994;34.1194;2.9589;46.977;0.3429
10 millas;Nehuentué;MPAT1-10;-38.734974;-73.663954;49;10.3358;3.758008;26.1992;34.117;2.95;46.824;0.3311
10 millas;Nehuentué;MPAT1-10;-38.734974;-73.663954;49.25;10.3183;3.756608;26.1975;34.1118;2.9397;46.647;0.3826
10 millas;Nehuentué;MPAT1-10;-38.734974;-73.663954;49.5;10.2991;3.755036;26.2024;34.1137;2.9349;46.551;0.4108
10 millas;Nehuentué;MPAT1-10;-38.734974;-73.663954;49.75;10.2784;3.753273;26.2104;34.1183;2.9154;46.218;0.3571
10 millas;Nehuentué;MPAT1-10;-38.734974;-73.663954;50;10.2574;3.751408;26.2161;34.1196;2.8891;45.775;0.3321
10 millas;Nehuentué;MPAT1-10;-38.734974;-73.663954;50.25;10.2376;3.749659;26.2285;34.129;2.8451;45.052;0.3416
10 millas;Nehuentué;MPAT1-10;-38.734974;-73.663954;50.5;10.2209;3.748278;26.2447;34.1441;2.7763;43.942;0.2844
10 millas;Nehuentué;MPAT1-10;-38.734974;-73.663954;50.75;10.2073;3.747177;26.2507;34.149;2.6845;42.479;0.3372
10 millas;Nehuentué;MPAT1-10;-38.734974;-73.663954;51;10.1926;3.745975;26.2491;34.1451;2.6259;41.541;0.3252
10 millas;Nehuentué;MPAT1-10;-38.734974;-73.663954;51.25;10.1759;3.744633;26.2489;34.1425;2.6053;41.205;0.3431
10 millas;Nehuentué;MPAT1-10;-38.734974;-73.663954;51.5;10.1583;3.743253;26.2506;34.1412;2.6098;41.262;0.3286
10 millas;Nehuentué;MPAT1-10;-38.734974;-73.663954;51.75;10.1417;3.742001;26.2535;34.141;2.6239;41.469;0.3176
10 millas;Nehuentué;MPAT1-10;-38.734974;-73.663954;52;10.1286;3.741081;26.2632;34.1493;2.6231;41.442;0.2943
10 millas;Nehuentué;MPAT1-10;-38.734974;-73.663954;52.25;10.1187;3.740433;26.2733;34.1587;2.6332;41.59;0.3164
10 millas;Nehuentué;MPAT1-10;-38.734974;-73.663954;52.5;10.1111;3.73999;26.2815;34.1671;2.6328;41.578;0.311
10 millas;Nehuentué;MPAT1-10;-38.734974;-73.663954;52.75;10.1037;3.73953;26.284;34.1692;2.6229;41.416;0.3165
10 millas;Nehuentué;MPAT1-10;-38.734974;-73.663954;53;10.0962;3.738993;26.2825;34.166;2.5966;40.995;0.3014
10 millas;Nehuentué;MPAT1-10;-38.734974;-73.663954;53.25;10.0889;3.738462;26.2845;34.1669;2.5667;40.517;0.3014
10 millas;Nehuentué;MPAT1-10;-38.734974;-73.663954;53.5;10.0821;3.737988;26.2871;34.1683;2.532;39.961;0.3257
10 millas;Nehuentué;MPAT1-10;-38.734974;-73.663954;53.75;10.0757;3.737596;26.2948;34.1766;2.4985;39.429;0.2728
10 millas;Nehuentué;MPAT1-10;-38.734974;-73.663954;54;10.0686;3.737102;26.2969;34.1784;2.4709;38.991;0.2502
10 millas;Nehuentué;MPAT1-10;-38.734974;-73.663954;54.25;10.0606;3.736366;26.2925;34.1716;2.453;38.701;0.2422
10 millas;Nehuentué;MPAT1-10;-38.734974;-73.663954;54.5;10.0521;3.735553;26.2935;34.1707;2.4395;38.481;0.2852
10 millas;Nehuentué;MPAT1-10;-38.734974;-73.663954;54.75;10.042;3.734619;26.2989;34.1759;2.4314;38.348;0.2899
10 millas;Nehuentué;MPAT1-10;-38.734974;-73.663954;55;10.0296;3.733367;26.2901;34.1633;2.4243;38.228;0.3142
10 millas;Nehuentué;MPAT1-10;-38.734974;-73.663954;55.25;10.0156;3.731921;26.2878;34.157;2.411;38.003;0.2685
10 millas;Nehuentué;MPAT1-10;-38.734974;-73.663954;55.5;10.0012;3.730612;26.2948;34.1619;2.4129;38.018;0.3092
10 millas;Nehuentué;MPAT1-10;-38.734974;-73.663954;55.75;9.9885;3.729627;26.3019;34.1669;2.4171;38.07;0.2701
10 millas;Nehuentué;MPAT1-10;-38.734974;-73.663954;56;9.9794;3.729314;26.3132;34.1786;2.4444;38.492;0.2827
10 millas;Nehuentué;MPAT1-10;-38.734974;-73.663954;56.25;9.9732;3.72935;26.3234;34.19;2.471;38.907;0.285
10 millas;Nehuentué;MPAT1-10;-38.734974;-73.663954;56.5;9.9685;3.729445;26.3289;34.196;2.4895;39.197;0.2637
10 millas;Nehuentué;MPAT1-10;-38.734974;-73.663954;56.75;9.9646;3.729457;26.3315;34.1985;2.4835;39.099;0.2884
10 millas;Nehuentué;MPAT1-10;-38.734974;-73.663954;57;9.9617;3.729428;26.3345;34.2013;2.459;38.71;0.2624
10 millas;Nehuentué;MPAT1-10;-38.734974;-73.663954;57.25;9.9599;3.729419;26.3368;34.2036;2.4185;38.07;0.2407
10 millas;Nehuentué;MPAT1-10;-38.734974;-73.663954;57.5;9.959;3.729453;26.3374;34.2041;2.3789;37.447;0.2805
10 millas;Nehuentué;MPAT1-10;-38.734974;-73.663954;57.75;9.9583;3.729546;26.3387;34.2058;2.3445;36.905;0.2708
10 millas;Nehuentué;MPAT1-10;-38.734974;-73.663954;58;9.9577;3.729656;26.3401;34.2074;2.3173;36.478;0.2653
10 millas;Nehuentué;MPAT1-10;-38.734974;-73.663954;58.25;9.9569;3.729733;26.3411;34.2086;2.3036;36.262;0.2617
10 millas;Nehuentué;MPAT1-10;-38.734974;-73.663954;58.5;9.9558;3.729766;26.3409;34.2083;2.2979;36.171;0.2573
10 millas;Nehuentué;MPAT1-10;-38.734974;-73.663954;58.75;9.9547;3.729797;26.3413;34.2086;2.2968;36.153;0.3007
10 millas;Nehuentué;MPAT1-10;-38.734974;-73.663954;59;9.9538;3.729862;26.3436;34.2111;2.2936;36.103;0.2579
10 millas;Nehuentué;MPAT1-10;-38.734974;-73.663954;59.25;9.953;3.729941;26.3453;34.2132;2.289;36.028;0.2676
10 millas;Nehuentué;MPAT1-10;-38.734974;-73.663954;59.5;9.9521;3.73001;26.3455;34.2133;2.2837;35.946;0.254
10 millas;Nehuentué;MPAT1-10;-38.734974;-73.663954;59.75;9.9512;3.730096;26.3468;34.2147;2.2722;35.765;0.2361
10 millas;Nehuentué;MPAT1-10;-38.734974;-73.663954;60;9.9505;3.730208;26.3499;34.2184;2.261;35.587;0.2372
10 millas;Nehuentué;MPAT1-10;-38.734974;-73.663954;60.25;9.9497;3.730265;26.3502;34.2186;2.2452;35.339;0.2571
10 millas;Nehuentué;MPAT1-10;-38.734974;-73.663954;60.5;9.948;3.730238;26.3498;34.2182;2.2285;35.076;0.2568
10 millas;Nehuentué;MPAT1-10;-38.734974;-73.663954;60.75;9.9461;3.730171;26.3504;34.2185;2.2081;34.752;0.2476
10 millas;Nehuentué;MPAT1-10;-38.734974;-73.663954;61;9.9437;3.730077;26.3522;34.2201;2.1892;34.455;0.2456
10 millas;Nehuentué;MPAT1-10;-38.734974;-73.663954;61.25;9.9411;3.729929;26.3529;34.2206;2.1659;34.087;0.2589
10 millas;Nehuentué;MPAT1-10;-38.734974;-73.663954;61.5;9.9383;3.729752;26.3536;34.2208;2.1406;33.685;0.2413
10 millas;Nehuentué;MPAT1-10;-38.734974;-73.663954;61.75;9.9353;3.729589;26.3544;34.2214;2.1152;33.284;0.2366
10 millas;Nehuentué;MPAT1-10;-38.734974;-73.663954;62;9.932;3.729416;26.3553;34.2221;2.1004;33.05;0.2519
10 millas;Nehuentué;MPAT1-10;-38.734974;-73.663954;62.25;9.9288;3.729221;26.3552;34.221;2.0864;32.826;0.2445
10 millas;Nehuentué;MPAT1-10;-38.734974;-73.663954;62.5;9.9278;3.729271;26.3629;34.2298;2.073;32.614;0.2458
10 millas;Nehuentué;MPAT1-10;-38.734974;-73.663954;62.75;9.9238;3.729016;26.3566;34.2222;2.0587;32.389;0.2349
10 millas;Nehuentué;MPAT1-10;-38.734974;-73.663954;63;9.9203;3.728833;26.3637;34.2295;2.0552;32.33;0.263
10 millas;Nehuentué;MPAT1-10;-38.734974;-73.663954;63.25;9.9158;3.728623;26.3629;34.2289;2.0572;32.363;0.2718
10 millas;Nehuentué;MPAT1-10;-38.734974;-73.663954;63.5;9.9087;3.728145;26.3574;34.2215;2.0408;32.103;0.2082
10 millas;Nehuentué;MPAT1-10;-38.734974;-73.663954;63.75;9.8991;3.727529;26.3615;34.2252;2.0189;31.753;0.2465
10 millas;Nehuentué;MPAT1-10;-38.734974;-73.663954;64;9.8878;3.726703;26.3622;34.2238;1.9999;31.446;0.2473
10 millas;Nehuentué;MPAT1-10;-38.734974;-73.663954;64.25;9.8793;3.72604;26.3711;34.2306;1.9797;31.115;0.2261
10 millas;Nehuentué;MPAT1-10;-38.734974;-73.663954;64.5;9.8751;3.725955;26.3902;34.2533;1.9593;30.796;0.2254
10 millas;Nehuentué;MPAT1-10;-38.734974;-73.663954;64.75;9.869;3.725491;26.3735;34.2326;1.915;30.097;0.2236
10 millas;Nehuentué;MPAT1-10;-38.734974;-73.663954;65;9.865;3.725308;26.3844;34.2441;1.8773;29.498;0.2203
10 millas;Nehuentué;MPAT1-10;-38.734974;-73.663954;65.25;9.8643;3.72544;26.3872;34.2472;1.8661;29.322;0.2156
10 millas;Nehuentué;MPAT1-10;-38.734974;-73.663954;65.5;9.8655;3.725766;26.3901;34.2511;1.8465;29.016;0.2181
10 millas;Nehuentué;MPAT1-10;-38.734974;-73.663954;65.75;9.8685;3.726184;26.3881;34.2496;1.6915;26.582;0.2297
