,dates,norte_grande,norte_chico,centro_sur,sur,austral
1,2002-07-11,17.4249996105209,14.5099996756762,13.0999997071922,10.1299997735769,5.53999987617135
2,2002-07-19,17.9799995981157,14.2499996814877,12.349999723956,10.9299997556955,5.96499986667186
3,2002-07-27,16.5799996294081,14.8299996685237,12.3999997228384,10.4749997658655,7.35499983560294
4,2002-08-04,16.5399996303022,13.6699996944517,11.9724997323938,10.6399997621775,5.35999988019466
5,2002-08-12,15.8049996467307,14.8499996680766,12.6499997172505,9.80999978072941,5.58499987516552
6,2002-08-20,16.0099996421486,14.4299996774644,12.5999997183681,10.7249997602776,5.52999987639487
7,2002-08-28,16.4999996311963,14.7799996696413,12.7399997152388,9.77999978139997,8.39499981235713
8,2002-09-05,15.8049996467307,14.6399996727705,12.9149997113273,10.7649997593835,5.75499987136573
9,2002-09-13,16.3599996343255,14.6699996720999,12.9199997112155,10.504999765195,6.44999985583127
10,2002-09-21,16.059999641031,14.484999676235,12.5949997184798,10.5249997647479,6.35999985784292
11,2002-09-29,17.6099996063858,14.4499996770173,13.7849996918812,10.7449997598305,6.44499985594302
12,2002-10-07,16.5049996310845,15.5349996527657,13.7549996925518,10.7149997605011,6.01499986555427
13,2002-10-15,16.9799996204674,15.519999653101,14.0749996853992,10.5249997647479,6.84999984689057
14,2002-10-23,17.1699996162206,15.9049996444955,14.0799996852875,11.0899997521192,7.73499982710928
15,2002-10-31,17.65499960538,16.0549996411428,13.9849996874109,11.6349997399375,7.69499982800335
16,2002-11-08,18.2949995910749,15.9599996432662,14.1399996839464,11.914999733679,9.07999979704618
17,2002-11-16,18.939999576658,15.5099996533245,14.6749996719882,12.0749997301027,7.27499983739108
18,2002-11-24,18.3099995907396,16.3099996354431,15.20999966003,12.1399997286499,7.8349998248741
19,2002-12-02,19.2249995702878,16.4149996330962,14.6249996731058,12.2099997270852,7.8099998254329
20,2002-12-10,20.0449995519593,17.7449996033683,15.0699996631593,13.3499997016042,7.50999983213842
21,2002-12-18,21.5049995193258,18.8849995778874,16.7799996249378,15.1799996607006,8.2949998145923
22,2002-12-26,21.0799995288253,17.7149996040389,16.8999996222556,14.1299996841699,8.04499982018024
23,2002-12-30,21.5624995180406,18.1649995939806,17.239999614656,14.8449996681884,8.86999980174005
24,2003-01-08,21.1249995278195,18.0799995958805,16.4899996314198,14.649999672547,8.99499979894608
25,2003-01-16,21.6199995167553,17.5949996067211,17.0899996180087,15.7049996489659,8.75999980419874
26,2003-01-24,21.6099995169789,18.9849995756522,18.1049995953217,15.4199996553361,9.17999979481101
27,2003-02-01,23.374999477528,19.14749957202,18.5449995854869,15.8749996451661,8.51999980956316
28,2003-02-09,22.5699994955212,18.8999995775521,18.5349995857105,16.0049996422604,8.90499980095774
29,2003-02-17,22.6649994933978,19.0449995743111,17.8099996019155,15.8949996447191,9.17999979481101
30,2003-02-25,22.689999492839,18.8899995777756,17.5799996070564,15.4899996537715,9.31499979179353
31,2003-03-05,22.2199995033443,18.9149995772168,17.8149996018037,15.9099996443838,8.12999981828034
32,2003-03-13,21.8899995107204,20.9449995318428,16.3849996337667,15.4599996544421,9.3599997907877
33,2003-03-21,22.0999995060265,19.0749995736405,16.9749996205792,15.4499996546656,9.29499979224056
34,2003-03-29,21.5899995174259,19.4249995658174,17.4349996102974,15.6299996506423,10.9949997542426
35,2003-04-06,21.964999509044,19.1599995717406,17.489999609068,15.9299996439368,10.5249997647479
36,2003-04-14,22.0724995066412,17.9899995978922,16.3549996344373,15.2449996592477,10.4799997657537
37,2003-04-22,20.7049995372072,18.3149995906278,16.514999630861,14.9299996662885,9.02999979816377
38,2003-04-30,18.6849995823577,17.5449996078387,16.1899996381253,14.6449996726587,9.8199997805059
39,2003-05-08,19.9649995537475,18.0799995958805,16.9449996212497,14.6399996727705,9.68999978341162
40,2003-05-16,18.6199995838106,17.3949996111915,15.6099996510893,13.8899996895343,10.6599997617304
41,2003-05-24,18.8349995790049,16.2999996356666,14.939999666065,13.4299996998161,9.73999978229403
42,2003-06-01,18.0099995974451,16.7599996253848,14.5849996739998,12.9249997111037,7.61499982979149
43,2003-06-09,18.1749995937571,15.9249996440485,14.1149996845052,13.0999997071922,9.02499979827553
44,2003-06-17,17.8549996009097,16.224999637343,14.3449996793643,12.349999723956,7.14999984018505
45,2003-06-25,19.1799995712936,16.7199996262789,14.1449996838346,12.1799997277558,8.50999980978668
46,2003-07-03,18.4249995881692,16.9199996218085,14.2049996824935,12.0049997316673,7.94499982241541
47,2003-07-11,16.8899996224791,16.059999641031,13.6699996944517,11.8149997359142,7.01999984309077
48,2003-07-19,17.5399996079504,16.0749996406958,13.6949996938929,11.4649997437373,7.91499982308596
49,2003-07-27,16.8199996240437,14.8599996678531,12.9749997099862,11.4249997446314,8.44999981112778
50,2003-08-04,16.1899996381253,14.7999996691942,12.9199997112155,11.1949997497723,5.81999986991286
51,2003-08-12,17.9099995996803,14.2524996814318,12.6749997166917,10.9499997552484,7.1449998402968
52,2003-08-20,18.254999591969,15.0599996633828,12.9899997096509,11.2599997483194,7.09499984141439
53,2003-08-28,16.6649996275082,14.4399996772408,12.329999724403,10.8599997572601,7.36999983526766
54,2003-09-05,16.20499963779,14.6949996715412,12.3049997249618,11.1499997507781,5.74499987158924
55,2003-09-13,16.0299996417016,14.1599996834993,12.4999997206032,10.8449997575954,6.01999986544251
56,2003-09-21,16.4799996316433,14.7549996702,13.1399997062981,10.5949997631833,6.35999985784292
57,2003-09-29,16.3549996344373,14.8349996684119,13.0049997093156,11.3449997464195,5.28999988175929
58,2003-10-07,18.1249995948747,14.6849996717647,13.5399996973574,11.2699997480959,7.04999984242022
59,2003-10-15,18.399999588728,15.2499996591359,14.0549996858463,11.914999733679,7.68999982811511
60,2003-10-23,18.4849995868281,15.4899996537715,13.8749996898696,11.2799997478724,7.58499983046204
61,2003-10-31,19.789999557659,15.4449996547773,14.0749996853992,11.2499997485429,6.93499984499067
62,2003-11-08,18.8349995790049,16.8799996227026,15.1149996621534,11.7449997374788,8.43499981146306
63,2003-11-16,19.5249995635822,17.1299996171147,15.1999996602535,12.4199997223914,8.58999980799854
64,2003-11-24,20.1849995488301,16.3749996339902,14.7899996694177,12.7949997140095,7.12499984074384
65,2003-12-02,20.7349995365366,17.2249996149912,15.6749996496364,12.4349997220561,7.97499982174486
66,2003-12-10,20.8149995347485,17.0399996191263,16.2699996363372,12.577499718871,8.63999980688095
67,2003-12-18,21.7599995136261,16.8499996233732,16.3249996351078,12.9149997113273,8.22999981604517
68,2003-12-26,21.0099995303899,16.8149996241555,16.3849996337667,13.3599997013807,8.51999980956316
69,2003-12-30,20.7449995363131,16.8749996228144,15.6899996493012,13.5749996965751,7.18999983929098
70,2004-01-08,21.9949995083734,16.909999622032,16.2099996376783,14.1449996838346,9.18499979469925
71,2004-01-16,22.7099994923919,18.4099995885044,16.3299996349961,14.4449996771291,8.72499980498105
72,2004-01-24,22.6149994945154,19.2799995690584,17.5049996087328,15.5949996514246,8.37499981280416
73,2004-02-01,22.649999493733,18.8099995795637,18.5349995857105,16.2149996375665,9.23999979346991
74,2004-02-09,21.964999509044,18.6099995840341,17.2849996136501,15.4049996556714,12.1549997283146
75,2004-02-17,21.944999509491,18.5999995842576,17.7899996023625,16.1649996386841,9.88499977905303
76,2004-02-25,22.8599994890392,19.9999995529652,17.8099996019155,16.5849996292964,12.0649997303262
77,2004-03-04,22.5499994959682,20.6849995376542,18.5149995861575,16.4424996324815,9.46499978844076
78,2004-03-12,21.9149995101616,19.3049995684996,17.9949995977804,16.4149996330962,9.63999978452921
79,2004-03-20,22.1999995037913,19.5449995631352,18.3949995888397,16.0699996408075,10.1899997722358
80,2004-03-28,22.6099994946271,19.3699995670468,17.779999602586,16.2149996375665,10.7899997588247
81,2004-04-05,22.0599995069206,19.7399995587766,17.8399996012449,15.6549996500835,9.59499978553504
82,2004-04-13,22.1424995050766,19.4299995657057,17.7699996028095,14.7049996713176,9.53499978687614
83,2004-04-21,21.2099995259196,18.6199995838106,17.4049996109679,13.8099996913224,9.75499978195876
84,2004-04-29,20.3999995440245,18.5199995860457,16.7099996265024,14.234999681823,8.49999981001019
85,2004-05-07,20.6899995375425,17.8449996011332,16.5799996294081,13.4399996995926,9.6749997837469
86,2004-05-15,19.9724995535798,18.0299995969981,16.1299996394664,13.6374996951781,8.74999980442226
87,2004-05-23,18.9899995755404,17.5249996082857,15.5099996533245,13.1649997057393,7.894999823533
88,2004-05-31,18.4399995878339,17.2499996144325,15.3199996575713,12.1799997277558,8.37499981280416
89,2004-06-08,18.9124995772727,16.349999634549,14.6449996726587,12.8949997117743,7.41499983426183
90,2004-06-16,17.6149996062741,16.2499996367842,14.5499996747822,12.3049997249618,8.07499981950969
91,2004-06-24,17.8099996019155,16.0199996419251,14.0849996851757,12.1399997286499,8.42499981168658
92,2004-07-02,16.8599996231496,15.8149996465072,13.9949996871874,11.6849997388199,8.10499981883913
93,2004-07-10,17.3599996119738,15.7199996486306,13.6049996959046,11.2899997476488,9.05999979749322
94,2004-07-18,16.9049996221438,15.4599996544421,13.2799997031689,11.5299997422844,7.44999983347952
95,2004-07-26,17.1849996158853,15.354999656789,13.2999997027218,11.2449997486547,8.17999981716275
96,2004-08-03,17.0999996177852,15.0549996634945,13.509999698028,11.3449997464195,5.45499987807125
97,2004-08-11,16.8699996229261,15.1799996607006,13.2249997043982,11.2749997479841,5.46999987773597
98,2004-08-19,16.8899996224791,15.4049996556714,13.2499997038394,11.1949997497723,8.81999980285764
99,2004-08-27,17.344999612309,15.1399996615946,13.2949997028336,11.624999740161,6.34999985806644
100,2004-09-04,17.3299996126443,15.7724996474572,13.5699996966869,11.169999750331,6.73499984946102
101,2004-09-12,16.7599996253848,15.1849996605888,13.2699997033924,11.2349997488782,6.98499984387308
102,2004-09-20,17.4499996099621,14.8049996690825,13.6049996959046,11.0599997527897,7.17499983962625
103,2004-09-28,16.9449996212497,14.2799996808171,13.0949997073039,11.1199997514486,6.68499985057861
104,2004-10-06,17.7499996032566,15.3999996557832,13.4749996988103,11.4699997436255,8.61999980732799
105,2004-10-14,16.7949996246025,15.1049996623769,13.654999694787,11.7549997372553,8.1499998178333
106,2004-10-22,17.6824996047653,15.4649996543303,14.1099996846169,11.6949997385964,6.15999986231327
107,2004-10-30,18.4349995879456,14.8949996670708,14.8049996690825,11.8999997340143,7.30999983660877
108,2004-11-07,19.229999570176,15.6049996512011,14.6049996735528,11.9499997328967,8.32999981380999
109,2004-11-15,18.6899995822459,16.0449996413663,15.0399996638298,12.8599997125566,8.39999981224537
110,2004-11-23,18.4849995868281,16.6649996275082,15.064999663271,12.9699997100979,8.50999980978668
111,2004-12-01,19.2349995700642,16.7399996258318,15.8749996451661,13.2949997028336,7.86499982420355
112,2004-12-09,20.3849995443597,17.3599996119738,16.5399996303022,14.9449996659532,9.46999978832901
113,2004-12-17,20.6499995384365,17.3999996110797,17.054999618791,14.3499996792525,8.61499980743974
114,2004-12-25,21.9749995088205,17.3949996111915,17.4149996107444,14.4799996763468,9.07499979715794
115,2004-12-30,21.4199995212257,18.4399995878339,17.8399996012449,15.6349996505305,8.59249980794266
116,2005-01-08,22.8699994888157,18.6599995829165,18.0999995954335,15.4349996550009,9.23999979346991
117,2005-01-16,22.8249994898215,18.3849995890632,17.8349996013567,15.9599996432662,9.8449997799471
118,2005-01-24,22.9299994874746,19.6799995601177,17.819999601692,15.8849996449426,9.50499978754669
119,2005-02-01,21.9349995097145,18.6249995836988,17.4249996105209,15.3399996571243,10.6199997626245
120,2005-02-09,21.9799995087087,20.0499995518476,17.8849996002391,15.66499964986,7.93999982252717
121,2005-02-17,22.4199994988739,21.4949995195493,19.4399995654821,16.6749996272847,10.3249997692183
122,2005-02-25,22.4449994983152,20.4949995419011,18.3199995905161,16.7149996263906,10.2749997703359
123,2005-03-05,22.959999486804,20.0549995517358,18.4099995885044,17.054999618791,9.97999977692962
124,2005-03-13,22.4049994992092,20.5499995406717,18.214999592863,16.1699996385723,8.18499981705099
125,2005-03-21,22.5599994957447,20.3199995458126,18.234999592416,16.0649996409193,9.55499978642911
126,2005-03-29,22.0199995078146,19.4699995648116,17.7874996024184,15.6899996493012,9.32499979157001
127,2005-04-06,21.8999995104969,18.5524995853193,16.8949996223673,14.7099996712059,10.0949997743592
128,2005-04-14,21.7274995143525,18.4099995885044,16.2649996364489,14.1899996828288,11.1649997504428
129,2005-04-22,20.4849995421246,17.924999599345,16.5274996305816,14.3349996795878,8.22499981615692
130,2005-04-30,20.3649995448068,17.8299996014684,15.9999996423721,14.0199996866286,9.54499978665262
131,2005-05-08,19.6999995596707,17.6399996057153,15.3999996557832,13.614999695681,8.08499981928617
132,2005-05-16,18.6999995820224,17.0049996199086,15.1349996617064,13.0849997075275,8.72499980498105
133,2005-05-24,18.3049995908514,16.7249996261671,14.5149996755645,12.3749997233972,7.58499983046204
134,2005-06-01,18.6899995822459,16.4049996333197,14.2949996804819,11.9649997325614,7.06499984208494
135,2005-06-09,17.2749996138737,16.4149996330962,14.2299996819347,11.6999997384846,7.81999982520938
136,2005-06-17,17.1549996165559,16.0249996418133,13.4299996998161,11.0899997521192,8.19499981682748
137,2005-06-25,17.5849996069446,15.7149996487424,13.7449996927753,10.7199997603893,7.24499983806163
138,2005-07-03,17.8299996014684,16.3449996346608,13.0449997084215,10.7799997590482,7.90499982330948
139,2005-07-11,17.0149996196851,16.2649996364489,13.4499996993691,10.8349997578189,7.2649998376146
140,2005-07-19,17.0524996188469,15.3449996570125,12.9999997094274,10.5374997644685,5.80999987013638
141,2005-07-27,16.3249996351078,15.0399996638298,13.3699997011572,10.6849997611716,6.54999985359609
142,2005-08-04,16.4899996314198,15.3499996569008,12.7949997140095,10.629999762401,6.10499986354262
143,2005-08-12,16.3999996334314,15.2749996585771,12.9649997102097,10.339999768883,6.45999985560775
144,2005-08-20,16.7399996258318,14.6449996726587,13.0299997087568,10.4299997668713,6.52999985404313
145,2005-08-28,16.369999634102,14.7699996698648,12.639999717474,10.2799997702241,7.0599998421967
146,2005-09-05,16.4874996314757,14.8749996675178,12.4299997221678,10.5124997650273,7.53999983146787
147,2005-09-13,15.7099996488541,14.3099996801466,12.6699997168034,10.464999766089,6.26999985985458
148,2005-09-21,16.1299996394664,14.7299996707588,13.1149997068569,10.4299997668713,6.13999986276031
149,2005-09-29,16.1799996383488,14.8799996674061,13.4249996999279,10.9249997558072,6.87999984622002
150,2005-10-07,16.6499996278435,14.484999676235,13.1274997065775,11.0199997536838,6.86999984644353
151,2005-10-15,16.4149996330962,14.5149996755645,13.6999996937811,11.0899997521192,6.70999985001981
152,2005-10-23,17.6899996045977,14.2249996820465,13.2899997029454,10.9799997545779,6.15999986231327
153,2005-10-31,16.5449996301904,14.9149996666238,13.4949996983632,11.5999997407198,6.90999984554946
154,2005-11-08,18.5149995861575,14.8749996675178,13.6999996937811,11.934999733232,7.71499982755631
155,2005-11-16,19.1099995728582,15.374999656342,15.1149996621534,12.9349997108802,8.36499981302768
156,2005-11-24,18.7449995810166,16.7999996244907,15.8999996446073,12.5599997192621,7.24499983806163
157,2005-12-02,19.4149995660409,16.6899996269494,16.349999634549,13.1849997052923,8.24999981559813
158,2005-12-10,18.9649995760992,17.0899996180087,16.2649996364489,13.0649997079745,8.58999980799854
159,2005-12-18,19.9649995537475,17.7049996042624,15.6149996509776,13.3549997014925,8.22499981615692
160,2005-12-26,20.7299995366484,18.5699995849282,15.9649996431544,14.1299996841699,9.31999979168177
161,2005-12-30,20.9399995319545,18.4699995871633,17.8549996009097,15.4549996545538,10.2299997713417
162,2006-01-08,21.8799995109439,19.3199995681643,18.0049995975569,15.1099996622652,9.904999778606
163,2006-01-16,22.1999995037913,19.1949995709583,18.3699995893985,15.2899996582419,9.75499978195876
164,2006-01-24,22.3749994998798,19.5549995629117,17.5149996085092,16.1049996400252,10.1149997739121
165,2006-02-01,23.2124994811602,20.2599995471537,17.2699996139854,16.1049996400252,9.91999977827072
166,2006-02-09,22.8999994881451,19.9249995546415,17.8149996018037,16.5474996301346,10.4749997658655
167,2006-02-17,24.0099994633347,21.6299995165318,18.0749995959923,16.4499996323138,10.4949997654185
168,2006-02-25,23.1449994826689,21.4949995195493,18.6849995823577,17.0999996177852,10.5699997637421
169,2006-03-05,23.0199994854629,20.0649995515123,18.1399995945394,16.3949996335432,10.1599997729063
170,2006-03-13,22.1799995042384,19.684999560006,18.4399995878339,16.2749996362254,9.58499978575855
171,2006-03-21,21.944999509491,19.4699995648116,18.3049995908514,15.8849996449426,10.2599997706711
172,2006-03-29,22.2899995017797,18.3899995889515,17.6099996063858,15.1949996603653,9.55499978642911
173,2006-04-06,21.05249952944,18.6149995839223,17.1099996175617,15.0399996638298,8.32999981380999
174,2006-04-14,20.63999953866,17.7149996040389,16.3399996347725,14.4799996763468,9.83999978005886
175,2006-04-22,21.1699995268136,17.2049996154383,16.1999996379018,14.2449996815994,9.53499978687614
176,2006-04-30,20.8099995348603,17.0024996199645,16.1049996400252,14.1499996837229,8.00499982107431
177,2006-05-08,20.4574995427392,17.2749996138737,15.5749996518716,13.9599996879697,9.37499979045242
178,2006-05-16,20.5399995408952,16.7999996244907,15.6949996491894,13.0849997075275,8.82999980263412
179,2006-05-24,19.394999566488,16.1849996382371,14.9299996662885,13.054999708198,7.54999983124435
180,2006-06-01,19.0624995739199,16.9349996214733,14.4899996761233,13.0149997090921,7.67499982845038
181,2006-06-09,18.7249995814636,16.0099996421486,14.5349996751174,12.7349997153506,8.38499981258065
182,2006-06-17,18.0874995957129,16.1249996395782,14.3549996791407,12.2699997257441,7.95999982208014
183,2006-06-25,18.4349995879456,15.9099996443838,14.2649996811524,12.2149997269735,9.0699997972697
184,2006-07-03,17.054999618791,15.5799996517599,14.774999669753,11.7199997380376,7.82999982498586
185,2006-07-11,17.6149996062741,16.0749996406958,14.112499684561,11.9649997325614,6.76999984867871
186,2006-07-19,17.8149996018037,16.4299996327609,14.2849996807054,11.4199997447431,8.48499981034547
187,2006-07-27,17.8399996012449,15.5549996523187,13.9799996875226,11.624999740161,8.62249980727211
188,2006-08-04,16.9449996212497,15.4349996550009,13.2549997037277,11.4699997436255,7.3749998351559
189,2006-08-12,16.7874996247701,15.4699996542186,13.21999970451,10.6649997616187,7.40999983437359
190,2006-08-20,16.5649996297434,15.0799996629357,13.3999997004867,10.9899997543544,7.63499982934445
191,2006-08-28,17.489999609068,15.7349996482953,13.4599996991456,10.9799997545779,8.69999980553985
192,2006-09-05,17.2299996148795,15.3899996560067,12.9349997108802,11.0074997539632,7.604999830015
193,2006-09-13,17.1349996170029,15.1849996605888,13.3149997023866,10.8249997580424,7.35999983549118
194,2006-09-21,16.8499996233732,15.2799996584654,13.4549996992573,11.0349997533485,6.64999985136092
195,2006-09-29,17.2049996154383,15.2599996589124,13.5699996966869,11.3599997460842,8.10999981872737
196,2006-10-07,16.909999622032,15.6499996501952,13.5049996981397,11.1299997512251,7.10999984107912
197,2006-10-15,18.5549995852634,15.6699996497482,13.8949996894225,11.6299997400492,7.64999982900918
198,2006-10-23,17.1749996161088,16.1399996392429,14.7299996707588,11.7149997381493,7.88499982375652
199,2006-10-31,18.1899995934218,16.2149996375665,14.4899996761233,11.604999740608,7.80499982554466
200,2006-11-08,18.8499995786697,15.8499996457249,14.2899996805936,11.8549997350201,7.09999984130263
201,2006-11-16,19.1499995719641,17.489999609068,14.7999996691942,12.1549997283146,8.3799998126924
202,2006-11-24,20.09999955073,16.2549996366724,14.7799996696413,12.2299997266382,7.42499983403832
203,2006-12-02,20.4599995426834,16.1099996399134,14.7899996694177,13.034999708645,7.45999983325601
204,2006-12-10,20.6249995389953,16.4599996320903,15.4949996536598,14.0099996868521,7.894999823533
205,2006-12-18,20.8899995330721,18.0849995957687,16.8199996240437,13.4499996993691,7.81999982520938
206,2006-12-26,20.8949995329604,18.1949995933101,17.4599996097386,13.7099996935576,7.93999982252717
207,2006-12-30,22.399999499321,18.1549995942041,17.7049996042624,13.5399996973574,7.62999982945621
208,2007-01-08,22.4699994977564,18.8799995779991,17.0149996196851,14.6099996734411,8.53499980922788
209,2007-01-16,23.2399994805455,20.3099995460361,17.0899996180087,14.7399996705353,8.40499981213361
210,2007-01-24,23.3599994778633,20.9599995315075,18.2699995916337,14.8549996679649,9.80999978072941
211,2007-02-01,23.3149994788691,20.4599995426834,18.7449995810166,16.3449996346608,8.67499980609864
212,2007-02-09,23.4449994759634,21.1399995274842,18.5199995860457,16.3649996342137,9.36499979067594
213,2007-02-17,23.4249994764104,20.7299995366484,18.5349995857105,15.9599996432662,10.5549997640774
214,2007-02-25,23.2199994809926,20.4149995436892,18.1149995950982,15.499999653548,10.9899997543544
215,2007-03-05,22.5999994948506,19.0599995739758,17.2999996133149,15.0149996643886,9.44999978877604
216,2007-03-13,22.3299995008856,18.9149995772168,17.4949996089563,15.2799996584654,9.1299997959286
217,2007-03-21,22.6249994942918,19.5949995620176,18.3899995889515,15.8249996462837,9.40249978983775
218,2007-03-29,21.6599995158613,18.9999995753169,17.1749996161088,15.3449996570125,8.35999981313944
219,2007-04-06,20.8599995337427,19.1549995718524,17.4249996105209,14.6799996718764,8.84999980218709
220,2007-04-14,21.2549995249137,18.5899995844811,16.7899996247143,14.524999675341,8.78999980352819
221,2007-04-22,20.389999544248,18.3049995908514,16.6149996286258,13.8699996899813,8.31999981403351
222,2007-04-30,20.1349995499477,17.674999604933,15.6149996509776,13.4749996988103,9.28999979235232
223,2007-05-08,19.4599995650351,17.9949995977804,15.5849996516481,13.0999997071922,7.72499982733279
224,2007-05-16,18.7099995817989,16.9149996219203,14.5449996748939,12.9449997106567,8.68999980576336
225,2007-05-24,18.9299995768815,16.2499996367842,14.1599996834993,12.5949997184798,6.29499985929579
226,2007-06-01,18.0649995962158,16.1449996391311,13.7099996935576,12.1324997288175,8.42499981168658
227,2007-06-09,17.3049996132031,15.6349996505305,13.7049996936694,12.0999997295439,7.85999982431531
228,2007-06-17,16.804999624379,14.9149996666238,13.2849997030571,11.5999997407198,8.25999981537461
229,2007-06-25,16.5849996292964,14.9749996652827,12.8599997125566,11.2499997485429,5.11499988567084
230,2007-07-03,15.9024996445514,13.8799996897578,12.6999997161329,10.2899997700006,7.69499982800335
231,2007-07-11,15.2874996582977,14.0749996853992,12.2899997252971,10.6399997621775,6.99499984364957
232,2007-07-19,14.6449996726587,14.1899996828288,12.2949997251853,10.5399997644126,6.23999986052513
233,2007-07-27,14.9299996662885,14.1799996830523,12.5449997195974,10.4099997673184,8.01499982085079
234,2007-08-04,14.3499996792525,13.469999698922,12.0249997312203,10.4499997664243,7.15499984007329
235,2007-08-12,14.7499996703118,13.3799997009337,11.8449997352436,9.97499977704138,6.70999985001981
236,2007-08-20,14.5399996750057,13.4949996983632,11.9699997324497,10.2799997702241,6.62999985180795
237,2007-08-28,14.4149996777996,13.1749997055158,11.459999743849,9.89999977871776,8.06999981962144
238,2007-09-05,14.6199996732175,13.5399996973574,12.1149997292086,10.1774997725151,5.83499986957759
239,2007-09-13,14.524999675341,13.8099996913224,11.9649997325614,10.0849997745827,6.62999985180795
240,2007-09-21,14.5299996752292,14.2099996823817,12.6149997180328,10.5099997650832,7.78499982599169
241,2007-09-29,14.4049996780232,13.1649997057393,12.4249997222796,10.2449997710064,7.19499983917922
242,2007-10-07,14.6249996731058,13.75999969244,12.7449997151271,10.4999997653067,5.66999987326562
243,2007-10-15,15.1199996620417,14.3749996786937,12.7899997141212,10.6699997615069,8.31499981414527
244,2007-10-23,18.4549995874986,14.3349996795878,13.6649996945634,10.9349997555837,6.29499985929579
245,2007-10-31,17.3299996126443,15.1549996612594,14.0549996858463,10.8249997580424,7.41499983426183
246,2007-11-08,17.1649996163324,14.7549996702,13.6249996954575,11.2899997476488,6.79499984811991
247,2007-11-16,17.964999598451,15.4749996541068,13.7049996936694,11.252499748487,7.5799998305738
248,2007-11-24,18.4949995866045,15.5499996524304,14.1449996838346,11.9799997322261,8.79499980341643
249,2007-12-02,18.9049995774403,16.1799996383488,15.5049996534362,12.3949997229502,7.23499983828515
250,2007-12-10,19.7399995587766,15.954999643378,14.8249996686354,12.4599997214973,8.29999981448054
251,2007-12-18,19.8749995557591,17.19999961555,14.899999666959,13.2799997031689,7.56999983079731
252,2007-12-26,20.6349995387718,17.9149995995685,15.0899996627122,14.194999682717,7.56999983079731
253,2007-12-30,20.6699995379895,17.634999605827,16.6449996279553,14.9049996668473,8.47499981056899
254,2008-01-08,21.8599995113909,18.5949995843694,16.9649996208027,15.4899996537715,7.96999982185662
255,2008-01-16,22.1799995042384,18.399999588728,17.5599996075034,14.9699996653944,9.68999978341162
256,2008-01-24,23.1799994818866,18.9799995757639,17.0849996181205,15.3199996575713,10.1249997736886
257,2008-02-01,23.4799994751811,20.8449995340779,18.9999995753169,16.949999621138,10.5349997645244
258,2008-02-09,23.4199994765222,21.1449995273724,18.8499995786697,17.2049996154383,10.2449997710064
259,2008-02-17,23.5049994746223,20.7949995351955,18.7149995816872,17.4249996105209,8.94999979995191
260,2008-02-25,23.6699994709343,20.679999537766,18.5899995844811,17.5774996071123,10.0149997761473
261,2008-03-04,23.6699994709343,20.7199995368719,19.2999995686114,18.2399995923042,9.6999997831881
262,2008-03-12,24.3449994558468,20.8149995347485,18.8599995784461,17.6999996043742,11.3249997468665
263,2008-03-20,23.1999994814396,20.4399995431304,18.959999576211,17.3549996120855,10.0749997748062
264,2008-03-28,22.7199994921684,20.4749995423481,18.6599995829165,16.8349996237084,12.0999997295439
265,2008-04-05,21.8649995112792,19.7549995584413,18.0649995962158,16.5399996303022,9.34499979112297
266,2008-04-13,21.9599995091558,19.0049995752051,17.4049996109679,15.2049996601418,10.527499764692
267,2008-04-21,21.2349995253608,18.214999592863,16.1599996387959,14.4049996780232,9.3849997902289
268,2008-04-29,20.7599995359778,18.1799995936453,15.374999656342,13.924999688752,10.8549997573718
269,2008-05-07,20.1999995484948,17.7599996030331,15.1649996610358,13.5549996970221,8.34499981347471
270,2008-05-15,17.529999608174,16.1649996386841,14.7649996699765,14.3149996800348,7.39999983459711
271,2008-05-23,19.1949995709583,17.1949996156618,15.4849996538833,13.2449997039512,7.98499982152134
272,2008-05-31,18.4149995883927,16.8699996229261,14.2899996805936,12.6649997169152,8.50499980989844
273,2008-06-08,18.5999995842576,16.4899996314198,14.2499996814877,12.4249997222796,6.68499985057861
274,2008-06-16,17.8049996020272,15.5599996522069,14.1249996842816,11.9999997317791,7.72499982733279
275,2008-06-24,17.4099996108562,15.3199996575713,13.469999698922,11.3449997464195,7.10999984107912
276,2008-07-02,17.3749996116385,15.1699996609241,13.2999997027218,12.0949997296557,8.12999981828034
277,2008-07-10,17.1249996172264,15.9299996439368,13.4999996982515,11.6349997399375,6.79749984806404
278,2008-07-18,17.4149996107444,15.6199996508658,13.5399996973574,11.6899997387081,8.57499980833381
279,2008-07-26,17.4349996102974,15.2849996583536,13.6299996953458,11.3699997458607,6.4299998562783
280,2008-08-03,17.4149996107444,15.0399996638298,12.9899997096509,11.6549997394904,5.80999987013638
281,2008-08-11,17.3399996124208,14.5349996751174,13.1499997060746,11.1199997514486,5.80499987024814
282,2008-08-19,16.5349996304139,14.7049996713176,13.2099997047335,10.4999997653067,7.62499982956797
283,2008-08-27,16.0649996409193,14.8649996677414,13.2799997031689,10.1999997720122,7.14999984018505
284,2008-09-04,16.9999996200204,14.8599996678531,13.1749997055158,10.9549997551367,7.894999823533
285,2008-09-12,16.7399996258318,15.2249996596947,13.5199996978045,10.8499997574836,6.1999998614192
286,2008-09-20,16.6949996268377,14.5099996756762,13.7099996935576,10.9249997558072,6.07499986421317
287,2008-09-28,17.2299996148795,15.3649996565655,13.8949996894225,11.7299997378141,7.97499982174486
288,2008-10-06,16.6499996278435,15.4749996541068,13.8299996908754,11.354999746196,6.49499985482544
289,2008-10-14,16.3249996351078,15.4349996550009,14.0349996862933,11.6849997388199,9.0699997972697
290,2008-10-22,17.9674995983951,14.9949996648356,13.9399996884167,11.7599997371435,6.25499986018986
291,2008-10-30,17.6499996054918,15.5799996517599,13.8699996899813,12.2149997269735,8.98999979905784
292,2008-11-07,17.9749995982274,16.4149996330962,14.3499996792525,12.8599997125566,7.04499984253198
293,2008-11-15,19.6899995598942,16.8149996241555,14.8599996678531,13.0049997093156,6.52999985404313
294,2008-11-23,19.5799995623529,17.1249996172264,16.3349996348843,13.7949996916577,6.85499984677881
295,2008-12-01,19.6499995607883,18.0499995965511,16.2699996363372,14.3749996786937,6.77499984856695
296,2008-12-09,20.63999953866,19.9249995546415,18.2049995930865,14.7349996706471,8.88499980140477
297,2008-12-17,21.9099995102733,19.7399995587766,17.4924996090122,15.6549996500835,9.31999979168177
298,2008-12-25,21.5149995191023,19.394999566488,17.4799996092916,15.3399996571243,7.47499983292073
299,2008-12-30,22.379999499768,20.0149995526299,17.2049996154383,15.1699996609241,8.11499981861562
300,2009-01-08,22.4999994970858,18.8599995784461,17.1099996175617,15.064999663271,8.27499981503934
301,2009-01-16,21.8549995115027,18.6399995833635,17.6249996060506,15.7099996488541,8.90999980084598
302,2009-01-24,22.8699994888157,19.7799995578825,17.4399996101856,16.0299996417016,9.32499979157001
303,2009-02-01,22.7999994903803,18.9749995758757,17.4249996105209,16.514999630861,10.4699997659773
304,2009-02-09,22.8399994894862,19.1349995722994,17.5349996080622,16.5099996309727,10.5199997648597
305,2009-02-17,23.6099994722754,19.6949995597824,18.0999995954335,16.784999624826,8.67999980598688
306,2009-02-25,22.8399994894862,20.2399995476007,17.6999996043742,16.6149996286258,8.50999980978668
307,2009-03-05,23.1849994817749,20.514999541454,17.5749996071681,16.8749996228144,9.62999978475273
308,2009-03-13,22.8449994893745,18.5949995843694,17.9999995976686,16.9349996214733,9.23499979358166
309,2009-03-21,22.9199994876981,18.8599995784461,17.7699996028095,16.5549996299669,9.92499977815896
310,2009-03-29,22.8699994888157,19.249999569729,17.5199996083975,16.1499996390194,9.40499978978187
311,2009-04-06,22.9949994860217,19.3649995671585,17.4199996106327,15.4399996548891,8.8149998029694
312,2009-04-14,22.6999994926155,19.4949995642528,17.7649996029213,15.4649996543303,9.84999977983534
313,2009-04-22,22.834999489598,18.6349995834753,17.1249996172264,15.7949996469542,10.2549997707829
314,2009-04-30,22.399999499321,18.4349995879456,16.9649996208027,14.6899996716529,7.16999983973801
315,2009-05-08,21.0799995288253,17.6799996048212,15.5299996528774,14.6699996720999,7.96999982185662
316,2009-05-16,20.5399995408952,16.8649996230379,14.8399996683002,13.5749996965751,10.1499997731298
317,2009-05-24,21.4699995201081,18.0674995961599,15.3499996569008,13.2649997035041,7.23999983817339
318,2009-06-01,19.7399995587766,17.0399996191263,15.0974996625446,12.6999997161329,9.44999978877604
319,2009-06-09,19.4299995657057,15.5724996519275,14.8549996679649,13.0099997092038,7.53499983157963
320,2009-06-17,19.2699995692819,16.1049996400252,14.8599996678531,13.0199997089803,7.15999983996153
321,2009-06-25,18.1149995950982,16.1074996399693,14.1849996829405,11.7449997374788,8.43499981146306
322,2009-07-03,18.1499995943159,16.1249996395782,14.0099996868521,11.8049997361377,5.38499987963587
323,2009-07-11,17.7499996032566,15.7549996478483,13.7149996934459,11.4749997435138,8.82999980263412
324,2009-07-19,17.0499996189028,15.084999662824,13.5199996978045,12.079999729991,6.43499985616654
325,2009-07-27,17.4949996089563,15.1749996608123,13.1399997062981,10.9299997556955,7.86499982420355
326,2009-08-04,17.0249996194616,15.1599996611476,13.2099997047335,10.6149997627363,5.82999986968935
327,2009-08-12,16.7999996244907,14.5899996738881,12.8649997124448,10.8499997574836,5.05999988690019
328,2009-08-20,16.4749996317551,14.6899996716529,12.8399997130036,10.77499975916,8.45999981090426
329,2009-08-28,17.2949996134266,14.9349996661767,13.2449997039512,10.5599997639656,5.6549998736009
330,2009-09-05,17.3949996111915,14.6399996727705,12.9499997105449,10.8199997581542,8.1249998183921
331,2009-09-13,15.9499996434897,14.0349996862933,12.5874997186475,10.6049997629598,6.7449998492375
332,2009-09-21,15.7099996488541,14.3349996795878,12.76499971468,10.9649997549132,7.99999982118607
333,2009-09-29,15.3499996569008,13.9749996876344,12.6849997164682,10.7849997589365,8.08499981928617
334,2009-10-07,17.3999996110797,14.4299996774644,13.5599996969104,10.77499975916,6.41999985650182
335,2009-10-15,16.3999996334314,15.2699996586889,13.1549997059628,10.5249997647479,4.81499989237636
336,2009-10-23,16.0499996412545,14.7599996700883,13.3099997024983,10.8499997574836,7.02499984297901
337,2009-10-31,18.8899995777756,14.7999996691942,13.8249996909872,10.9949997542426,6.47999985516071
338,2009-11-08,18.1049995953217,15.3099996577948,13.8049996914342,10.8099997583777,6.65499985124916
339,2009-11-16,17.6674996051006,15.0299996640533,13.924999688752,10.8699997570366,7.30499983672053
340,2009-11-24,19.4149995660409,16.3099996354431,14.5499996747822,11.2349997488782,6.82499984744936
341,2009-12-02,20.1149995503947,15.5799996517599,14.5699996743351,12.369999723509,5.82999986968935
342,2009-12-10,20.6424995386042,16.244999636896,14.0649996856228,12.5299997199327,7.21999983862042
343,2009-12-18,20.9449995318428,16.494999631308,15.3199996575713,13.6749996943399,7.36999983526766
344,2009-12-26,21.7899995129555,16.9599996209145,16.6949996268377,13.3949997005984,7.28499983716756
345,2009-12-30,21.9299995098263,18.1249995948747,17.19999961555,14.4749996764585,7.95999982208014
346,2010-01-08,22.814999490045,18.3899995889515,17.094999617897,14.2549996813759,8.63499980699271
347,2010-01-16,22.4149994989857,18.1999995931983,16.8549996232614,14.4899996761233,8.08999981917441
348,2010-01-24,23.4049994768575,18.1699995938689,17.0799996182323,16.0749996406958,8.27999981492758
349,2010-02-01,23.4949994748458,18.8849995778874,17.4374996102415,15.624999650754,8.37499981280416
350,2010-02-09,22.877499488648,19.2399995699525,17.5349996080622,14.7249996708706,8.15999981760979
351,2010-02-17,22.8699994888157,19.1249995725229,17.799999602139,15.0149996643886,8.8149998029694
352,2010-02-25,22.9149994878098,19.5749995624647,17.5699996072799,14.7549996702,9.5899997856468
353,2010-03-05,22.54499949608,20.8849995331839,18.3199995905161,15.479999653995,8.96499979961663
354,2010-03-13,22.3699994999915,19.4799995645881,17.9049995997921,15.2149996599182,8.63999980688095
355,2010-03-21,21.9799995087087,19.5249995635822,17.6799996048212,14.8699996676296,8.85749980201945
356,2010-03-29,21.8449995117262,19.064999573864,17.4199996106327,15.0949996626005,7.56999983079731
357,2010-04-06,22.8999994881451,18.8124995795079,17.2499996144325,14.7699996698648,8.80999980308115
358,2010-04-14,22.0849995063618,18.939999576658,16.8849996225908,14.5899996738881,8.82499980274588
359,2010-04-22,20.9549995316193,18.4649995872751,16.349999634549,13.9899996872991,8.23499981593341
360,2010-04-30,20.2549995472655,17.5549996076152,15.8649996453896,13.6924996939488,7.82999982498586
361,2010-05-08,20.3499995451421,17.6899996045977,15.6299996506423,13.469999698922,9.89499977882951
362,2010-05-16,19.7299995590001,16.9699996206909,14.8899996671826,12.7499997150153,9.1299997959286
363,2010-05-24,19.6049995617941,16.369999634102,14.4299996774644,12.7249997155741,8.94999979995191
364,2010-06-01,18.64999958314,16.0099996421486,14.1249996842816,12.6049997182563,8.35999981313944
365,2010-06-09,17.4799996092916,16.2824996360578,13.9599996879697,11.6949997385964,6.35999985784292
366,2010-06-17,17.2549996143207,15.7549996478483,13.8449996905401,12.0299997311085,6.68499985057861
367,2010-06-25,16.7149996263906,14.8049996690825,13.4499996993691,11.2249997491017,6.68499985057861
368,2010-07-03,16.7249996261671,15.0599996633828,13.4849996985868,11.31499974709,6.75499984901398
369,2010-07-11,16.3849996337667,14.9249996664003,13.2899997029454,10.9999997541308,6.59499985259026
370,2010-07-19,16.5549996299669,14.2549996813759,13.074999707751,10.8349997578189,8.2699998151511
371,2010-07-27,15.9449996436015,14.1199996843934,12.4499997217208,10.5699997637421,6.79999984800816
372,2010-08-04,15.7299996484071,13.7449996927753,12.5999997183681,10.8499997574836,6.61999985203147
373,2010-08-12,15.6874996493571,13.8649996900931,12.3149997247383,10.3649997683242,6.95499984454364
374,2010-08-20,15.7249996485189,14.504999675788,12.7299997154623,10.2349997712299,5.17499988432974
375,2010-08-28,16.5299996305257,14.2599996812642,12.7499997150153,10.1599997729063,6.85999984666705
376,2010-09-05,15.9899996425956,13.9899996872991,12.369999723509,9.97499977704138,5.67499987315387
377,2010-09-13,15.8199996463954,14.0399996861815,12.4799997210503,10.4799997657537,5.75999987125397
378,2010-09-21,15.8649996453896,14.4949996760115,12.8699997123331,10.3949997676536,6.87999984622002
379,2010-09-29,16.3849996337667,14.5199996754527,12.7049997160211,10.6049997629598,6.06499986443669
380,2010-10-07,16.4599996320903,14.649999672547,13.3699997011572,10.9299997556955,6.28999985940754
381,2010-10-15,17.19999961555,16.2199996374547,12.7949997140095,11.0799997523427,6.16999986208975
382,2010-10-23,18.3749995892867,15.2349996594712,13.4949996983632,11.624999740161,6.46499985549599
383,2010-10-31,16.9949996201321,15.914999644272,14.234999681823,11.4149997448549,6.20499986130744
384,2010-11-08,18.1649995939806,15.499999653548,14.1599996834993,11.4899997431785,6.64499985147268
385,2010-11-16,19.4599995650351,15.3449996570125,14.0249996865168,12.1599997282028,7.93499982263893
386,2010-11-24,19.5749995624647,17.2449996145442,14.5724996742792,12.8799997121096,6.57999985292554
387,2010-12-02,19.9099995549768,15.4899996537715,14.5424996749498,12.4499997217208,7.44999983347952
388,2010-12-10,19.6349995611235,16.2299996372312,15.044999663718,12.9599997103214,7.21999983862042
389,2010-12-18,20.1599995493889,16.1299996394664,15.0549996634945,12.5349997198209,6.72499984968454
390,2010-12-26,20.4574995427392,16.2699996363372,15.9649996431544,13.5249996976927,6.62499985191971
391,2010-12-30,21.114999528043,18.3449995899573,17.5649996073917,15.1799996607006,6.14499986264855
392,2011-01-08,21.7149995146319,19.5099995639175,16.929999621585,15.4199996553361,8.45999981090426
393,2011-01-16,21.984999508597,19.1299995724112,17.6499996054918,15.5149996532127,8.80999980308115
394,2011-01-24,22.1949995039031,18.2199995927513,17.6649996051565,15.2749996585771,7.95499982219189
395,2011-02-01,22.8849994884804,19.539999563247,18.0049995975569,15.8849996449426,8.49999981001019
396,2011-02-09,22.5549994958565,18.8949995776638,17.7099996041507,15.1499996613711,9.6999997831881
397,2011-02-17,22.9999994859099,20.2849995465949,17.9099995996803,15.66499964986,8.70499980542809
398,2011-02-25,23.4349994761869,20.1099995505065,17.3899996113032,15.4749996541068,9.88999977894127
399,2011-03-05,23.6499994713813,20.3849995443597,18.2274995925836,15.9299996439368,8.97499979939312
400,2011-03-13,23.269999479875,20.8999995328486,18.1849995935336,15.6749996496364,9.55999978631735
401,2011-03-21,22.9999994859099,19.934999554418,17.6799996048212,15.2499996591359,9.22999979369342
402,2011-03-29,22.524999496527,18.7999995797873,17.1149996174499,15.0049996646121,8.55499980878085
403,2011-04-06,22.1149995056912,18.3299995902926,16.65999962762,14.9599996656179,8.32999981380999
404,2011-04-14,21.1699995268136,18.9749995758757,16.6349996281788,14.3699996788055,8.02499982062727
405,2011-04-22,21.4099995214492,18.2449995921925,16.0249996418133,14.1099996846169,7.79499982576817
406,2011-04-30,21.7599995136261,17.5749996071681,15.6599996499717,13.2949997028336,8.33499981369823
407,2011-05-08,19.7049995595589,17.0299996193498,15.1699996609241,12.9749997099862,9.62499978486449
408,2011-05-16,19.5649995626882,16.6424996280111,14.9799996651709,13.1049997070804,9.38999979011714
409,2011-05-24,19.3449995676056,16.5949996290728,14.5099996756762,12.6949997162446,9.0449997978285
410,2011-06-01,18.814999579452,16.6899996269494,14.6599996723235,12.3799997232854,8.4399998113513
411,2011-06-09,18.254999591969,16.5049996310845,14.3849996784702,12.5699997190386,6.58499985281378
412,2011-06-17,17.5049996087328,15.9699996430427,14.2899996805936,12.0049997316673,6.97999984398484
413,2011-06-25,18.0299995969981,15.6849996494129,13.5799996964633,11.5399997420609,7.12999984063208
414,2011-07-03,17.2299996148795,14.8649996677414,12.9899997096509,11.2599997483194,7.09499984141439
415,2011-07-11,16.4449996324256,14.9299996662885,12.6249997178093,11.1099997516721,7.72999982722104
416,2011-07-19,16.2499996367842,14.8449996681884,12.6799997165799,10.8899997565895,8.74999980442226
417,2011-07-27,16.244999636896,14.7049996713176,12.7899997141212,10.4449997665361,7.06999984197319
418,2011-08-04,16.0099996421486,14.1749996831641,12.4049997227266,10.5449997643009,7.69999982789159
419,2011-08-12,15.66499964986,14.3849996784702,12.5999997183681,10.339999768883,5.89499986823648
420,2011-08-20,15.3899996560067,14.3749996786937,12.5699997190386,10.6999997608364,5.29999988153577
421,2011-08-28,15.334999657236,14.8399996683002,12.3099997248501,10.0899997744709,5.5699998755008
422,2011-09-05,15.3699996564537,14.379999678582,12.474999721162,10.2549997707829,5.99999986588955
423,2011-09-13,14.7149996710941,13.8099996913224,12.7049997160211,10.8249997580424,6.14999986253679
424,2011-09-21,17.8499996010214,14.9699996653944,12.6749997166917,10.4049997674301,6.17999986186624
425,2011-09-29,16.1749996384606,14.5499996747822,13.7549996925518,10.257499770727,5.55499987583607
426,2011-10-07,15.9699996430427,14.8199996687472,13.6249996954575,11.1499997507781,6.62499985191971
427,2011-10-15,16.6249996284023,14.7599996700883,13.4499996993691,10.8499997574836,7.71999982744455
428,2011-10-23,18.0649995962158,15.2649996588007,13.6849996941164,11.8249997356907,6.029999865219
429,2011-10-31,18.8749995781109,15.0099996645004,13.8549996903166,12.0749997301027,5.99999986588955
430,2011-11-08,18.1999995931983,15.8299996461719,14.6699996720999,12.5099997203797,6.4299998562783
431,2011-11-16,19.10499957297,15.7499996479601,14.3149996800348,12.8399997130036,5.83499986957759
432,2011-11-24,18.8499995786697,16.514999630861,15.5149996532127,12.4399997219443,7.63499982934445
433,2011-12-02,19.9499995540828,16.7999996244907,16.0249996418133,13.3699997011572,7.77499982621521
434,2011-12-10,20.0249995524064,17.3099996130913,16.224999637343,14.3749996786937,7.50999983213842
435,2011-12-18,20.8199995346367,17.2224996150471,16.4699996318668,15.2949996581301,7.84999982453883
436,2011-12-26,21.6349995164201,17.5449996078387,16.9449996212497,14.7099996712059,8.24999981559813
437,2011-12-30,23.0599994845688,19.2399995699525,16.8349996237084,15.3049996579066,7.55499983113259
438,2012-01-08,22.2249995032325,20.5949995396659,17.509999608621,16.7699996251613,8.50499980989844
439,2012-01-16,23.1949994815513,20.6949995374307,18.4099995885044,16.0949996402487,8.61999980732799
440,2012-01-24,23.9149994654581,21.2649995246902,18.8349995790049,16.9599996209145,9.26999979279935
441,2012-02-01,23.6299994718283,19.9499995540828,18.7349995812401,16.7149996263906,9.00499979872257
442,2012-02-09,23.2399994805455,19.2799995690584,18.359999589622,16.7149996263906,9.47999978810549
443,2012-02-17,24.8699994441122,21.4799995198846,17.2699996139854,15.7799996472895,8.72499980498105
444,2012-02-25,24.2049994589761,20.9899995308369,19.0049995752051,16.244999636896,9.79999978095293
445,2012-03-04,23.7299994695932,20.4599995426834,18.7899995800108,16.0649996409193,8.33499981369823
446,2012-03-12,22.9274994875304,20.1399995498359,19.1799995712936,16.2799996361136,9.39499979000539
447,2012-03-20,22.9274994875304,21.4249995211139,18.1049995953217,16.3599996343255,9.00499979872257
448,2012-03-28,22.4949994971976,20.0149995526299,17.5199996083975,15.4449996547773,8.8399998024106
449,2012-04-05,22.0849995063618,19.9949995530769,16.8649996230379,15.229999659583,8.41999981179833
450,2012-04-13,22.1049995059147,19.1299995724112,16.5799996294081,14.6749996719882,9.97499977704138
451,2012-04-21,21.9599995091558,18.9499995764345,16.5249996306375,14.6849996717647,9.2999997921288
452,2012-04-29,21.6849995153025,18.5199995860457,15.9299996439368,14.3199996799231,8.15999981760979
453,2012-05-07,21.1549995271489,18.3249995904043,16.1049996400252,13.7699996922165,8.2099998164922
454,2012-05-15,20.1099995505065,17.8799996003509,15.809999646619,13.634999695234,8.18999981693923
455,2012-05-23,20.9799995310605,17.6999996043742,15.2649996588007,12.8149997135624,7.53999983146787
456,2012-05-31,20.3549995450303,17.1199996173382,14.524999675341,12.3249997245148,7.58999983035028
457,2012-06-08,20.5799995400012,16.7199996262789,14.4649996766821,12.0449997307733,7.3499998357147
458,2012-06-16,18.4049995886162,16.9349996214733,13.7749996921048,11.7349997377023,9.01999979838729
459,2012-06-24,18.9149995772168,16.7399996258318,13.9949996871874,11.5299997422844,6.79999984800816
460,2012-07-02,18.5749995848164,16.1649996386841,14.0099996868521,11.2199997492135,5.97499986644834
461,2012-07-10,17.364999611862,15.3399996571243,13.5499996971339,10.4799997657537,8.04999982006848
462,2012-07-18,17.384999611415,15.1749996608123,13.5399996973574,10.9549997551367,8.01499982085079
463,2012-07-26,17.7599996030331,14.8799996674061,12.8949997117743,10.4049997674301,5.43999987840652
464,2012-08-03,16.8999996222556,14.4699996765703,12.3899997230619,10.1499997731298,7.26749983755872
465,2012-08-11,16.9399996213615,14.9449996659532,12.5499997194856,10.4199997670949,5.42999987863004
466,2012-08-19,17.0099996197969,14.4799996763468,12.3249997245148,9.62999978475273,7.01999984309077
467,2012-08-27,16.5099996309727,14.7299996707588,12.5949997184798,10.4799997657537,6.34999985806644
468,2012-09-04,17.0499996189028,14.6699996720999,12.4649997213855,10.7849997589365,5.52499987650663
469,2012-09-12,16.9699996206909,15.1299996618181,12.7349997153506,10.4499997664243,7.29999983683228
470,2012-09-20,15.5949996514246,14.4899996761233,12.8749997122213,10.5849997634068,8.039999820292
471,2012-09-28,17.5199996083975,14.049999685958,12.7549997149035,12.1449997285381,6.43499985616654
472,2012-10-06,16.3599996343255,14.3949996782467,13.0999997071922,10.5749997636303,7.24499983806163
473,2012-10-14,16.7899996247143,14.6399996727705,13.1649997057393,11.0399997532368,9.41499978955835
474,2012-10-22,16.5599996298552,15.6399996504188,14.3249996798113,11.9599997326732,9.81499978061765
475,2012-10-30,16.5749996295199,15.1799996607006,14.1549996836111,11.8549997350201,6.30999985896051
476,2012-11-07,19.0149995749816,15.2349996594712,14.4699996765703,11.8449997352436,7.22999983839691
477,2012-11-15,18.2449995921925,15.9299996439368,14.6649996722117,12.3649997236207,7.15499984007329
478,2012-11-23,18.5599995851517,16.1499996390194,14.9299996662885,12.9399997107685,6.91499984543771
479,2012-12-01,19.8999995552003,17.0799996182323,15.1049996623769,13.2899997029454,11.0049997540191
480,2012-12-09,20.3649995448068,18.3199995905161,16.5049996310845,13.9549996880814,9.14499979559332
481,2012-12-17,20.4699995424598,17.9549995986745,16.7549996254966,13.8549996903166,8.66499980632216
482,2012-12-25,20.8399995341897,18.8499995786697,17.054999618791,13.7049996936694,9.68999978341162
483,2012-12-30,21.4499995205551,17.7949996022508,16.3049996355549,13.6749996943399,9.60999978519976
484,2013-01-08,21.4599995203316,18.7499995809048,16.7599996253848,14.7049996713176,8.07499981950969
485,2013-01-16,22.5999994948506,20.2099995482713,16.7549996254966,14.7599996700883,10.5099997650832
486,2013-01-24,22.9099994879216,20.5799995400012,16.6099996287376,15.4499996546656,10.7424997598864
487,2013-02-01,23.6199994720519,21.2349995253608,17.944999598898,16.639999628067,9.59999978542328
488,2013-02-09,24.6949994480237,21.7749995132908,18.2399995923042,17.0899996180087,9.53499978687614
489,2013-02-17,24.2499994579703,21.4849995197728,19.0149995749816,16.949999621138,9.80999978072941
490,2013-02-25,23.3399994783103,19.9849995533004,18.2999995909631,16.5349996304139,10.7199997603893
491,2013-03-05,22.9049994880334,19.6699995603412,18.0499995965511,16.3249996351078,11.3299997467548
492,2013-03-13,22.1499995049089,19.2349995700642,17.7849996024743,15.9249996440485,10.3749997681007
493,2013-03-21,21.944999509491,19.3449995676056,17.779999602586,16.1899996381253,11.0049997540191
494,2013-03-29,21.9999995082617,18.919999577105,17.674999604933,15.644999650307,11.3924997453578
495,2013-04-06,21.0399995297194,18.9499995764345,17.1399996168911,15.7499996479601,10.8299997579306
496,2013-04-14,21.3549995226786,18.4949995866045,16.8349996237084,14.7799996696413,9.20999979414046
497,2013-04-22,21.0549995293841,18.64999958314,16.6999996267259,14.8549996679649,10.2349997712299
498,2013-04-30,20.2049995483831,18.5849995845929,16.8749996228144,15.1099996622652,10.8249997580424
499,2013-05-08,20.7099995370954,18.6649995828047,16.3349996348843,14.3899996783584,9.72499978262931
500,2013-05-16,19.7449995586649,18.3649995895103,15.7949996469542,13.9374996884726,10.7399997599423
501,2013-05-24,18.5699995849282,17.4799996092916,15.0199996642768,13.5649996967986,8.07999981939793
502,2013-06-01,18.7449995810166,16.8699996229261,14.7499996703118,12.8449997128919,8.91499980073422
503,2013-06-09,18.4349995879456,15.7099996488541,14.2049996824935,12.3199997246265,10.5749997636303
504,2013-06-17,18.3049995908514,15.6299996506423,13.7099996935576,12.2699997257441,7.59499983023852
505,2013-06-25,17.3799996115267,15.2824996584095,13.2899997029454,11.6999997384846,6.16999986208975
506,2013-07-03,16.9199996218085,15.4349996550009,13.4249996999279,11.5799997411668,6.25499986018986
507,2013-07-11,16.9449996212497,15.6899996493012,13.4049997003749,11.354999746196,6.89999984577298
508,2013-07-19,17.137499616947,13.8799996897578,13.3399997018278,11.0699997525662,8.99999979883432
509,2013-07-27,16.3649996342137,14.5099996756762,12.8299997132272,10.7399997599423,6.17499986197799
510,2013-08-04,16.2849996360019,14.8599996678531,12.76499971468,10.6049997629598,8.76999980397522
511,2013-08-12,15.7024996490218,14.2749996809289,12.5899997185916,10.5399997644126,7.6649998286739
512,2013-08-20,15.934999643825,14.3149996800348,13.0599997080863,10.2199997715652,7.78499982599169
513,2013-08-28,15.8049996467307,13.6649996945634,12.204999727197,10.3149997694418,6.50999985449016
514,2013-09-05,16.4549996322021,14.6649996722117,12.76499971468,10.2349997712299,5.1949998838827
515,2013-09-13,16.5049996310845,14.2599996812642,13.1749997055158,10.7149997605011,6.75499984901398
516,2013-09-21,15.8949996447191,13.924999688752,12.5899997185916,10.484999765642,5.80499987024814
517,2013-09-29,15.8549996456131,14.4399996772408,12.8399997130036,11.0299997534603,8.16499981749803
518,2013-10-07,16.20499963779,13.8599996902049,12.889999711886,11.0549997529015,5.739999871701
519,2013-10-15,16.8649996230379,13.6249996954575,12.8549997126684,10.8249997580424,6.01999986544251
520,2013-10-23,17.0349996192381,15.20999966003,13.1699997056276,11.0999997518957,8.44499981123954
521,2013-10-31,16.7749996250495,15.6849996494129,13.5649996967986,11.5949997408316,8.2949998145923
522,2013-11-08,17.779999602586,15.1299996618181,14.4799996763468,12.2899997252971,6.77499984856695
523,2013-11-16,18.234999592416,15.6049996512011,15.044999663718,11.9199997335672,7.03999984264374
524,2013-11-24,19.4799995645881,16.1149996398017,14.3299996796995,12.3099997248501,6.83499984722584
525,2013-12-02,19.9049995550886,15.8999996446073,14.2999996803701,12.5949997184798,7.749999826774
526,2013-12-10,20.7649995358661,16.6799996271729,14.629999672994,13.4199997000396,7.31499983649701
527,2013-12-18,21.2749995244667,18.5749995848164,14.7249996708706,14.0799996852875,7.23499983828515
528,2013-12-26,22.0599995069206,19.9699995536357,16.7549996254966,16.2349996371195,7.46499983314425
529,2013-12-30,22.192499503959,17.9999995976686,17.5599996075034,15.8799996450543,7.749999826774
530,2014-01-08,22.5649994956329,18.0099995974451,17.5599996075034,15.4849996538833,8.21999981626868
531,2014-01-16,22.9549994869158,19.6199995614588,17.1899996157736,16.0399996414781,7.86499982420355
532,2014-01-24,23.8649994665757,20.7199995368719,18.4399995878339,16.6199996285141,8.84999980218709
533,2014-02-01,23.2899994794279,19.6874995599501,18.2049995930865,16.3049996355549,8.1249998183921
534,2014-02-09,23.1474994826131,19.809999557212,18.5799995847046,15.809999646619,7.85999982431531
535,2014-02-17,23.0249994853511,20.3299995455891,18.0799995958805,16.2099996376783,9.25499979313463
536,2014-02-25,22.8799994885921,20.0699995514005,17.2649996140972,15.7199996486306,10.2124997717328
537,2014-03-05,22.3249995009974,19.1199995726347,17.4849996091798,15.7549996478483,11.707499738317
538,2014-03-13,22.254999502562,18.919999577105,17.1049996176735,15.8999996446073,8.34499981347471
539,2014-03-21,21.8749995110556,18.7349995812401,16.9399996213615,15.0349996639416,9.95999977737665
540,2014-03-29,22.2299995031208,19.2599995695055,16.7899996247143,15.20999966003,9.43499978911132
541,2014-04-06,21.8849995108321,18.4949995866045,16.2899996358901,14.3999996781349,11.0099997539073
542,2014-04-14,20.4149995436892,18.2399995923042,16.1599996387959,14.0049996869639,8.9849997991696
543,2014-04-22,21.674999515526,17.2099996153265,15.3199996575713,13.7849996918812,9.06499979738146
544,2014-04-30,20.6949995374307,17.1099996175617,15.3799996562302,13.5649996967986,7.5799998305738
545,2014-05-08,20.1999995484948,16.9949996201321,14.9649996655062,12.9899997096509,8.97499979939312
546,2014-05-16,20.4899995420128,16.949999621138,15.0399996638298,12.9699997100979,7.76499982643872
547,2014-05-24,19.0599995739758,16.4449996324256,15.0749996630475,12.7599997147918,8.8399998024106
548,2014-06-01,18.8049995796755,16.8549996232614,14.5399996750057,12.7199997156858,7.02999984286726
549,2014-06-09,17.8549996009097,16.1099996399134,13.9649996878579,12.1774997278117,8.48999981023371
550,2014-06-17,17.4399996101856,15.7149996487424,13.6749996943399,11.3049997473136,7.92499982286245
551,2014-06-25,17.1849996158853,15.6499996501952,13.924999688752,11.5749997412786,6.8299998473376
552,2014-07-03,17.0649996185675,14.9999996647239,13.2849997030571,11.1249997513369,7.20999983884394
553,2014-07-11,16.6199996285141,14.8199996687472,12.9599997103214,10.9149997560307,7.5199998319149
554,2014-07-19,15.8449996458367,14.9699996653944,13.0399997085333,11.2449997486547,5.69999987259507
555,2014-07-27,15.8949996447191,14.2949996804819,12.6449997173622,11.0199997536838,7.09499984141439
556,2014-08-04,16.0249996418133,14.6949996715412,13.074999707751,10.7899997588247,6.90999984554946
557,2014-08-12,15.1849996605888,14.359999679029,12.9949997095391,10.9149997560307,7.59499983023852
558,2014-08-20,15.7424996481277,14.9999996647239,13.1749997055158,10.0599997751415,4.45999990031123
559,2014-08-28,16.0049996422604,14.5649996744469,12.6349997175857,10.8449997575954,6.48499985504895
560,2014-09-05,16.5899996291846,14.9299996662885,12.5699997190386,11.2249997491017,8.81999980285764
561,2014-09-13,16.3549996344373,15.064999663271,13.2599997036159,11.2549997484311,6.50499985460192
562,2014-09-21,16.8549996232614,14.6599996723235,13.1849997052923,11.044999753125,6.72499984968454
563,2014-09-29,15.9649996431544,14.5849996739998,13.2749997032806,10.5649997638538,7.90999982319772
564,2014-10-07,16.764999625273,15.1449996614829,13.8849996896461,11.5099997427315,8.24999981559813
565,2014-10-15,17.2749996138737,15.2699996586889,13.5749996965751,11.644999739714,8.38999981246889
566,2014-10-23,17.9049995997921,15.5049996534362,14.1349996840581,11.76999973692,8.45999981090426
567,2014-10-31,18.5299995858222,16.2199996374547,14.6699996720999,11.9099997337908,8.8999998010695
568,2014-11-08,18.5849995845929,15.6799996495247,14.3949996782467,11.6799997389317,7.94499982241541
569,2014-11-16,19.084999573417,15.8999996446073,14.1349996840581,12.7149997157976,6.29999985918403
570,2014-11-24,19.5049995640293,16.1399996392429,14.6599996723235,12.9149997113273,6.61499985214323
571,2014-12-02,18.6449995832518,15.7199996486306,14.6699996720999,12.9249997111037,6.63499985169619
572,2014-12-10,20.1949995486066,16.1949996380135,15.6949996491894,14.1649996833876,8.21999981626868
573,2014-12-18,19.9149995548651,16.7299996260554,15.5399996526539,14.0599996857345,8.87249980168417
574,2014-12-26,20.2699995469302,16.9949996201321,16.0649996409193,14.1849996829405,7.47999983280897
575,2014-12-30,21.3599995225668,17.5599996075034,16.9949996201321,14.1799996830523,8.32499981392175
576,2015-01-08,20.6449995385483,18.359999589622,16.4649996319786,14.9049996668473,8.5249998094514
577,2015-01-16,21.9399995096028,18.9949995754287,16.4549996322021,14.7699996698648,8.21999981626868
578,2015-01-24,21.6849995153025,19.9149995548651,16.9949996201321,15.8549996456131,8.97999979928136
579,2015-02-01,22.7349994918332,18.4549995874986,17.9699995983392,16.6949996268377,9.06499979738146
580,2015-02-09,23.124999483116,18.7149995816872,17.8299996014684,16.2149996375665,9.759999781847
581,2015-02-17,23.5249994741753,18.4249995881692,17.6799996048212,16.3299996349961,10.214999771677
582,2015-02-25,23.0049994857982,19.354999567382,16.8799996227026,15.8999996446073,9.72499978262931
583,2015-03-05,22.8699994888157,20.6149995392188,18.2899995911866,16.1949996380135,9.68499978352338
584,2015-03-13,22.8749994887039,19.3649995671585,18.3299995902926,16.5449996301904,9.36999979056418
585,2015-03-21,22.9849994862452,19.2199995703995,18.254999591969,16.0699996408075,9.32999979145825
586,2015-03-29,23.6599994711578,20.409999543801,18.4349995879456,16.3049996355549,11.6999997384846
587,2015-04-06,23.394999477081,19.1999995708466,17.8899996001273,15.3599996566772,8.96499979961663
588,2015-04-14,22.8449994893745,19.8399995565414,18.3499995898455,15.7549996478483,9.33999979123473
589,2015-04-22,21.8774995109998,19.0999995730817,17.944999598898,15.499999653548,7.50999983213842
590,2015-04-30,21.8449995117262,19.9099995549768,17.2899996135384,14.7199996709824,7.85999982431531
591,2015-05-08,21.8849995108321,18.399999588728,16.5949996290728,14.5199996754527,7.81499982532114
592,2015-05-16,20.8799995332956,18.0299995969981,16.2999996356666,14.9299996662885,8.21499981638044
593,2015-05-24,20.63999953866,17.7499996032566,16.1349996393546,14.2199996821582,10.7649997593835
594,2015-06-01,18.8899995777756,16.7799996249378,15.6599996499717,13.4249996999279,7.4349998338148
595,2015-06-09,19.5249995635822,17.2749996138737,15.8749996451661,13.0949997073039,9.83499978017062
596,2015-06-17,17.7299996037036,16.7099996265024,15.0899996627122,12.6299997176975,7.92999982275069
597,2015-06-25,17.9799995981157,16.1749996384606,14.3749996786937,12.3199997246265,7.07999984174967
598,2015-07-03,18.8174995793961,15.8349996460602,13.8799996897578,11.9299997333437,9.30999979190528
599,2015-07-11,17.8149996018037,15.3649996565655,14.0349996862933,11.7399997375906,5.85999986901879
600,2015-07-19,17.2799996137619,15.334999657236,13.7299996931106,11.2749997479841,7.77999982610345
601,2015-07-27,16.5699996296316,14.5349996751174,13.4799996986985,11.1599997505546,5.60499987471849
602,2015-08-04,16.639999628067,15.3649996565655,13.1699997056276,11.169999750331,6.53499985393137
603,2015-08-12,16.9899996202439,14.9949996648356,12.9549997104332,10.8149997582659,7.23499983828515
604,2015-08-20,16.4749996317551,14.9549996657297,12.9449997106567,11.292499747593,6.33499985840172
605,2015-08-28,16.7499996256083,15.6149996509776,12.8049997137859,10.8649997571483,7.39999983459711
606,2015-09-05,19.1599995717406,16.0349996415898,13.75999969244,11.209999749437,7.00999984331429
607,2015-09-13,17.7249996038154,15.8049996467307,13.4549996992573,10.5799997635186,7.2899998370558
608,2015-09-21,18.4249995881692,16.9949996201321,13.0649997079745,10.9849997544661,8.1249998183921
609,2015-09-29,17.8949996000156,15.8349996460602,13.3549997014925,11.1299997512251,6.23999986052513
610,2015-10-07,17.4499996099621,15.8749996451661,13.5299996975809,10.9499997552484,6.76999984867871
611,2015-10-15,18.0049995975569,15.7549996478483,13.9549996880814,11.3249997468665,8.2099998164922
612,2015-10-23,18.0399995967746,16.9199996218085,14.8549996679649,11.8049997361377,9.09499979671091
613,2015-10-31,18.1149995950982,16.8599996231496,14.8549996679649,11.9749997323379,8.24499981570989
614,2015-11-08,19.0674995738082,16.9999996200204,13.9949996871874,12.2149997269735,9.57499978598207
615,2015-11-16,18.8699995782226,16.7899996247143,14.7674996699207,12.2749997256324,7.26999983750284
616,2015-11-24,19.1599995717406,16.4349996326491,14.8399996683002,13.0649997079745,7.2649998376146
617,2015-12-02,19.5499995630234,17.384999611415,15.5399996526539,13.3849997008219,8.682499805931
618,2015-12-10,21.1249995278195,16.6249996284023,15.4299996551126,14.1349996840581,7.52999983169138
619,2015-12-18,21.0899995286018,17.6099996063858,15.9199996441603,14.7449996704236,7.99499982129782
620,2015-12-26,21.5899995174259,17.6299996059388,16.5599996298552,14.4399996772408,8.17999981716275
621,2015-12-30,22.0349995074794,18.4399995878339,18.359999589622,16.5049996310845,9.9899997767061
622,2016-01-08,21.9099995102733,20.0449995519593,18.2949995910749,16.2899996358901,9.68999978341162
623,2016-01-16,22.1949995039031,20.4849995421246,18.5399995855987,15.6899996493012,9.47999978810549
624,2016-01-24,22.8649994889274,21.2699995245785,19.3824995667674,17.529999608174,11.0599997527897
625,2016-02-01,23.6499994713813,21.1499995272607,19.4199995659292,17.7849996024743,9.62499978486449
626,2016-02-09,24.3249994562939,20.8999995328486,18.9449995765463,17.0649996185675,11.2999997474253
627,2016-02-17,23.7599994689226,20.1599995493889,18.6949995821342,16.6649996275082,8.29999981448054
628,2016-02-25,23.9799994640052,20.2849995465949,18.794999579899,16.9899996202439,9.33499979134649
629,2016-03-04,24.2699994575232,19.9299995545298,18.4999995864928,16.514999630861,8.83499980252236
630,2016-03-12,24.119999460876,20.7499995362014,18.1249995948747,16.6499996278435,10.692499761004
631,2016-03-20,23.7099994700402,20.2399995476007,17.8749996004626,16.3049996355549,9.904999778606
632,2016-03-28,23.1749994819984,20.0299995522946,17.219999615103,16.0699996408075,8.47999981045723
633,2016-04-05,22.4749994976446,19.209999570623,17.2249996149912,15.6899996493012,9.93999977782369
634,2016-04-13,21.9099995102733,18.9499995764345,16.6099996287376,14.8049996690825,9.63999978452921
635,2016-04-21,21.4399995207787,18.3249995904043,15.934999643825,14.21499968227,9.83499978017062
636,2016-04-29,20.929999532178,17.9849995980039,15.934999643825,14.2599996812642,9.43499978911132
637,2016-05-07,20.7949995351955,17.9399995990098,15.9949996424839,13.5249996976927,7.44499983359128
638,2016-05-15,21.1749995267019,18.2449995921925,15.5349996527657,13.6649996945634,7.85499982442707
639,2016-05-23,20.1649995492771,18.1499995943159,15.6999996490777,14.2499996814877,11.2349997488782
640,2016-05-31,19.249999569729,17.8699996005744,15.5549996523187,13.634999695234,8.95999979972839
641,2016-06-08,19.6349995611235,17.4449996100739,15.0349996639416,13.179999705404,9.75499978195876
642,2016-06-16,19.0949995731935,16.6749996272847,14.8699996676296,13.3399997018278,10.0849997745827
643,2016-06-24,18.8199995793402,15.7399996481836,14.2649996811524,12.76499971468,7.46499983314425
644,2016-07-02,18.5449995854869,15.8149996465072,13.924999688752,12.9849997097626,9.02499979827553
645,2016-07-10,18.5849995845929,15.4849996538833,13.3799997009337,12.0299997311085,9.87999977916479
646,2016-07-18,17.4549996098503,15.4899996537715,13.4399996995926,12.1149997292086,7.70499982777983
647,2016-07-26,17.4699996095151,15.66499964986,13.4749996988103,11.6599997393787,8.41999981179833
648,2016-08-03,17.2849996136501,15.5899996515363,13.4399996995926,11.3499997463077,7.18999983929098
649,2016-08-11,17.9274995992891,14.0549996858463,13.4299996998161,11.334999746643,6.73499984946102
650,2016-08-19,17.3699996117502,14.939999666065,13.4949996983632,11.3949997453019,9.01999979838729
651,2016-08-27,18.4549995874986,14.9749996652827,13.2049997048452,10.9799997545779,7.30499983672053
652,2016-09-04,16.2624996365048,14.2999996803701,12.9999997094274,11.3099997472018,7.83999982476234
653,2016-09-12,17.0299996193498,14.7049996713176,13.6199996955693,11.2299997489899,6.93999984487891
654,2016-09-20,17.7149996040389,14.6649996722117,13.5049996981397,11.4649997437373,6.83999984711409
655,2016-09-28,18.5699995849282,15.0249996641651,13.7899996917695,11.9949997318909,7.0349998427555
656,2016-10-06,16.7699996251613,15.2399996593595,13.614999695681,11.5799997411668,7.25499983783811
657,2016-10-14,17.5649996073917,15.354999656789,13.9999996870756,11.7199997380376,7.28499983716756
658,2016-10-22,18.069999596104,15.7799996472895,14.2249996820465,11.9699997324497,7.4949998324737
659,2016-10-30,18.5549995852634,16.0549996411428,14.7849996695295,13.6199996955693,7.78499982599169
660,2016-11-07,19.6899995598942,15.9949996424839,14.9349996661767,12.5699997190386,7.1449998402968
661,2016-11-15,20.0899995509535,16.2849996360019,14.7449996704236,12.5549997193739,7.11499984096736
662,2016-11-23,20.8299995344132,17.779999602586,15.8499996457249,13.3899997007102,9.39499979000539
663,2016-12-01,20.4649995425716,18.814999579452,16.0749996406958,14.4549996769056,8.17499981727451
664,2016-12-09,21.2249995255843,18.5749995848164,16.4399996325374,14.4949996760115,8.53999980911613
665,2016-12-17,21.8349995119497,18.4599995873868,16.7449996257201,14.5499996747822,8.21999981626868
666,2016-12-25,21.9499995093793,19.1499995719641,17.4499996099621,14.9849996650591,8.40499981213361
667,2016-12-30,22.3599995002151,19.7849995577708,17.4199996106327,15.9299996439368,9.50499978754669
668,2017-01-08,22.4349994985387,18.8749995781109,18.0249995971099,15.5099996533245,9.46499978844076
669,2017-01-16,23.0899994838983,19.229999570176,18.3199995905161,15.7949996469542,9.03999979794025
670,2017-01-24,24.6749994484708,19.7149995593354,18.8824995779432,17.3499996121973,9.26499979291111
671,2017-02-01,25.5549994288012,21.5799995176494,19.2249995702878,17.6949996044859,9.36999979056418
672,2017-02-09,24.7549994466826,20.5099995415658,19.2649995693937,17.3699996117502,9.93249977799132
673,2017-02-17,24.6699994485825,20.5899995397776,19.3299995679408,17.4849996091798,9.71999978274107
674,2017-02-25,24.699999447912,20.8649995336309,19.3799995668232,16.5399996303022,9.91999977827072
675,2017-03-05,25.7299994248897,22.254999502562,19.5999995619059,16.8399996235967,10.3899997677654
676,2017-03-13,24.1849994594231,21.0299995299429,19.10499957297,16.2099996376783,9.99999977648258
677,2017-03-21,23.1849994817749,20.09999955073,18.2649995917454,16.389999633655,9.73999978229403
678,2017-03-29,23.1749994819984,20.7949995351955,18.3399995900691,16.1499996390194,10.2499997708946
679,2017-04-06,22.4749994976446,20.3449995452538,18.3099995907396,16.2149996375665,10.4449997665361
680,2017-04-14,21.9249995099381,20.0199995525181,17.7199996039271,15.5949996514246,10.3049997696653
681,2017-04-22,21.9149995101616,19.8949995553121,17.9849995980039,15.9599996432662,9.6999997831881
682,2017-04-30,20.7699995357543,19.5899995621294,17.5799996070564,15.4699996542186,8.52999980933964
683,2017-05-08,21.0199995301664,18.9949995754287,17.1899996157736,14.4049996780232,9.97499977704138
684,2017-05-16,20.6124995392747,19.0249995747581,16.9199996218085,14.7049996713176,8.86499980185181
685,2017-05-24,19.9824995533563,18.4299995880574,16.3999996334314,13.7399996928871,9.19499979447573
686,2017-06-01,19.4749995646998,18.1799995936453,16.1849996382371,13.6399996951222,8.44999981112778
687,2017-06-09,17.8799996003509,16.8599996231496,15.2699996586889,13.0099997092038,9.14499979559332
688,2017-06-17,19.1899995710701,16.8449996234849,14.8449996681884,12.494999720715,9.0699997972697
689,2017-06-25,18.2649995917454,16.3599996343255,14.0999996848404,12.1749997278675,8.45999981090426
690,2017-07-03,18.1399995945394,16.3949996335432,14.2999996803701,11.9649997325614,7.96499982196838
691,2017-07-11,17.5249996082857,16.1799996383488,14.234999681823,11.7049997383729,7.59999983012676
692,2017-07-19,17.1499996166676,15.3149996576831,13.8599996902049,11.2799997478724,8.51999980956316
693,2017-07-27,17.4549996098503,15.6849996494129,13.3899997007102,11.1849997499958,8.24999981559813
694,2017-08-04,17.1699996162206,14.9099996667355,13.5199996978045,10.6499997619539,7.85499982442707
695,2017-08-12,17.0699996184558,15.2499996591359,13.0149997090921,10.8049997584894,6.98999984376132
696,2017-08-20,16.7824996248819,15.1949996603653,12.7049997160211,10.8899997565895,5.31499988120049
697,2017-08-28,16.6249996284023,15.0199996642768,12.9249997111037,10.5999997630715,6.80999984778464
698,2017-09-05,16.1599996387959,15.044999663718,13.2349997041747,10.6549997618422,7.02499984297901
699,2017-09-13,16.4199996329844,14.7699996698648,12.8299997132272,10.7949997587129,8.05499981995672
700,2017-09-21,16.5199996307492,14.6649996722117,12.8549997126684,10.6649997616187,6.8049998478964
701,2017-09-29,17.9099995996803,14.6899996716529,12.7999997138977,10.6199997626245,7.22499983850867
702,2017-10-07,16.4899996314198,15.0299996640533,12.5999997183681,10.3799997679889,6.25499986018986
703,2017-10-15,15.9899996425956,14.4649996766821,12.8199997134507,10.7199997603893,8.11999981850386
704,2017-10-23,16.4999996311963,14.7449996704236,13.2799997031689,11.1449997508898,7.44499983359128
705,2017-10-31,18.1449995944276,14.9249996664003,13.4249996999279,11.31499974709,6.57999985292554
706,2017-11-08,16.4649996319786,15.2349996594712,14.3899996783584,11.9999997317791,8.98249979922548
707,2017-11-16,17.6299996059388,15.8949996447191,15.20999966003,12.7499997150153,8.02499982062727
708,2017-11-24,18.8299995791167,15.3499996569008,14.4299996774644,11.9699997324497,8.45499981101602
709,2017-12-02,19.4549995651469,16.3299996349961,14.2499996814877,12.8249997133389,7.75999982655048
710,2017-12-10,19.3349995678291,16.7399996258318,14.4549996769056,12.8699997123331,7.09499984141439
711,2017-12-18,20.3449995452538,16.9649996208027,15.4549996545538,14.049999685958,7.604999830015
712,2017-12-26,21.4649995202199,16.7899996247143,15.8699996452779,14.0849996851757,7.65499982889742
713,2017-12-30,21.54999951832,17.3199996128678,16.7724996251054,14.7299996707588,7.8349998248741
714,2018-01-08,22.0449995072559,18.0749995959923,16.6649996275082,14.3049996802583,8.22499981615692
715,2018-01-16,22.2449995027855,19.1199995726347,17.0449996190146,15.7449996480718,8.7549998043105
716,2018-01-24,22.4799994975328,19.8799995556474,16.8949996223673,15.5499996524304,8.83499980252236
717,2018-02-01,21.8249995121732,18.3849995890632,17.0599996186793,15.8374996460043,9.43999978899956
718,2018-02-09,23.0649994844571,18.9249995769933,17.6399996057153,16.1349996393546,9.03499979805201
719,2018-02-17,23.3999994769692,18.64999958314,17.4799996092916,16.1349996393546,9.85999977961183
720,2018-02-25,23.5499994736165,19.9399995543063,18.5949995843694,16.9949996201321,9.6999997831881
721,2018-03-05,23.0899994838983,19.5324995634146,18.3199995905161,16.9949996201321,9.34499979112297
722,2018-03-13,23.0249994853511,20.4599995426834,18.2449995921925,17.1449996167794,9.33999979123473
723,2018-03-21,21.9349995097145,19.7299995590001,17.8949996000156,16.2199996374547,10.0099997762591
724,2018-03-29,21.3549995226786,19.0599995739758,17.8499996010214,16.1549996389076,8.74499980453402
725,2018-04-06,21.5199995189905,18.6749995825812,17.1049996176735,15.0799996629357,7.86999982409179
726,2018-04-14,21.5799995176494,19.3399995677173,16.9649996208027,14.5074996757321,8.76499980408698
727,2018-04-22,21.8899995107204,17.8899996001273,16.7799996249378,14.7199996709824,8.20499981660396
728,2018-04-30,21.8599995113909,17.8899996001273,16.3849996337667,14.1299996841699,10.3449997687712
729,2018-05-08,19.3699995670468,17.8749996004626,15.9799996428192,13.7499996926636,10.8949997564778
730,2018-05-16,19.7199995592237,17.3999996110797,16.1099996399134,13.2999997027218,9.40499978978187
731,2018-05-24,20.1699995491654,17.2099996153265,15.4599996544421,13.2349997041747,7.65499982889742
732,2018-06-01,18.3099995907396,17.3099996130913,15.0949996626005,12.7499997150153,9.93499977793545
733,2018-06-09,17.7299996037036,15.7249996485189,14.3299996796995,12.6049997182563,7.45249983342364
734,2018-06-17,17.5399996079504,15.3599996566772,13.6599996946752,11.6349997399375,7.01499984320253
735,2018-06-25,15.9674996430986,14.0349996862933,13.5299996975809,11.6749997390434,8.41499981191009
736,2018-07-03,17.3949996111915,14.6749996719882,13.7899996917695,11.5649997415021,8.5249998094514
737,2018-07-11,17.0349996192381,15.5149996532127,13.4749996988103,11.0999997518957,7.87499982398003
738,2018-07-19,16.6349996281788,14.6099996734411,13.324999702163,11.0399997532368,8.62499980721623
739,2018-07-27,16.3599996343255,14.21499968227,13.0149997090921,11.4099997449666,7.5799998305738
740,2018-08-04,15.8299996461719,14.5699996743351,12.8549997126684,10.9449997553602,7.31999983638525
741,2018-08-12,17.1399996168911,14.3899996783584,12.7099997159094,10.7849997589365,6.00999986566603
742,2018-08-20,16.1299996394664,14.359999679029,13.0049997093156,10.7249997602776,6.87499984633178
743,2018-08-28,15.8999996446073,14.2899996805936,12.3749997233972,10.3999997675419,6.16999986208975
744,2018-09-05,15.934999643825,14.4749996764585,13.0199997089803,11.0549997529015,6.89499984588474
745,2018-09-13,16.5649996297434,14.5749996742234,13.0399997085333,11.0999997518957,7.0349998427555
746,2018-09-21,16.2549996366724,14.4649996766821,12.4699997212738,10.7899997588247,5.64999987371266
747,2018-09-29,17.1899996157736,14.9249996664003,13.0449997084215,10.6499997619539,7.56499983090907
748,2018-10-07,17.4599996097386,14.6149996733293,13.2099997047335,10.8424997576512,7.32499983627349
749,2018-10-15,16.9774996205233,14.5349996751174,13.1049997070804,10.6899997610599,7.07499984186143
750,2018-10-23,16.8549996232614,15.2199996598065,13.6649996945634,11.4949997430667,7.49999983236194
751,2018-10-31,17.6449996056035,15.3849996561185,14.4749996764585,12.2799997255206,7.24499983806163
752,2018-11-08,18.3299995902926,16.4649996319786,14.8799996674061,12.6674997168593,7.73499982710928
753,2018-11-16,19.0699995737523,17.6249996060506,15.769999647513,12.9899997096509,7.8099998254329
754,2018-11-24,21.3999995216727,17.1049996176735,16.2499996367842,13.1749997055158,7.20999983884394
755,2018-12-02,20.8449995340779,17.3474996122532,15.4649996543303,13.4799996986985,7.09499984141439
756,2018-12-10,21.1549995271489,19.6149995615706,16.6949996268377,13.5549996970221,9.8199997805059
757,2018-12-18,20.4499995429069,18.6299995835871,16.784999624826,14.1049996847287,7.58499983046204
758,2018-12-26,21.1099995281547,19.1599995717406,16.4749996317551,14.1649996833876,8.09999981895089
759,2018-12-30,21.4424995207228,17.634999605827,16.6249996284023,14.6949996715412,7.92499982286245
